runyoro_term,english_term,part_of_speech,domain,definition_en,notes
muhogo,Cassava,,general,,
ubuhunga bwa muhogo,Cassava flour,,general,,
ebikora bya muhogo,Cassava leaves,,general,,
omuceri,Rice,,agriculture,,
ekiyuni,Yam,,general,,
ekikeke,Pumpkin,,general,,
kugesa,Harvesting,,agriculture,,
okurimira,Plowing,,general,,
okusiga,Sowing,,general,,
okugesa,Reaping,,general,,
okusegesa,Threshing,,general,,
okusalira,Pruning,,general,,
okwombera,Weeding,,general,,
enkoko,Chicken,,general,,
akame,Rabbit,,general,,
okukama,Milking,,general,,
ebifu by'ebimera,Compost,,general,,
orwezo,Manure,,general,,
enjura,Rainfall,,general,,
efuka,Hoe,,general,,
ekisalizo,Machete,,general,,
enaijoro,Sickle,,general,,
enengere,Wheelbarrow,,general,,
kutunda aheru yihanga,Export,,general,,
ekitebe ky'abalimi,Cooperative,,general,,
oburo,Millet,,general,,
omugusa,Sorghum,,general,,
omwani,Coffee,,general,,
ebinyobwa,Groundnut,,general,,
ebitakuli,Sweet potato,,general,,
ebilaya,Potato,,general,,
ente,Cattle,,general,,
empunu,Pig,,general,,
okuriisa ente za'mata,Dairy farming,,agriculture,,
okutwara itaka,Soil erosion,,agriculture,,
omuwendo,Price,,agriculture,,
kutunda /kuguza,Sell,,general,,
okugura,Buy,,general,,
abaanyu,Someone's relatives,,general,,
abuurra,"To undo, unfasten",,general,,
abagomborozi,Sub county chiefs,,general,,
abange,Mine,,general,,
abamasaza,County chiefs,,general,,
abatongole,Sub-parish chiefs,,general,,
abemiruka,Parish chiefs,,general,,
agange,Mine,,general,,
aheeru,"Adv., out, outside",,general,,
aheeru ya,Wait for,,general,,
aho,There,,general,,
abonaaho,"Immediately, at once",,general,,
ahuza,Entrust with,,general,,
abukana,To part from,,general,,
akaamuje,Squirrel,,general,,
bukamuje,Squirrels,,general,,
hamwango,Eagle,,general,,
obwango,Eagles,,general,,
akagemo,"Force,compulsion",,general,,
obugemo,"Force,compulsions",,general,,
akagirita,"Razor blade,shaving blade",,general,,
obugirita,"Razor blade,shaving blades",,general,,
ebyeeya,Type of swamps,,general,,
akabwegura,A small caterpillar,,general,,
ebibwegura,Small caterpillars,,general,,
akahooho,Nice scent,,general,,
obuhoho,Nice scents,,general,,
omunya,Small lizard-like animal,,general,,
eminya,Small lizard-like animals,,general,,
akabubi,Hymen: vagina membrane,,general,,
emibibi,Hymen: vagina membranes,,general,,
akaimeeme,End of breastbone,,general,,
obwimeeme,End of breastbones,,general,,
akaburyo,Hillock: small hill,,general,,
obuburyo,Hillock: small hills,,general,,
kahumizi,Sparrow-hawk,,general,,
obuhumizi,Sparrow-hawks,,general,,
akakorwa,Weasel,,general,,
obukorwa,Weasels,,general,,
akasengijo,A sieve,,general,,
obusengijo,Sieves,,general,,
enkojo,Blemish,,general,,
enkojo,Blemishes,,general,,
ebitengo,Very old cloths,,general,,
akaina/ekina,"Hole,small",,general,,
obwina/ebina,"Hole,smalls",,general,,
emboro,Penis,,general,,
emboro,Penises,,general,,
ebika bye'njoka,Type of snakes,,general,,
kihinguraniza,Something done excessively,,general,,
bihinguraniza,Something done excessivelies,,general,,
akadebe,Pail or bucket,,general,,
edebe,Pail or buckets,,general,,
akafunjo,Cyperus papyrus,,general,,
ebifunjo,Cyperus papyruses,,general,,
akairima,Darkness,,general,,
omwirima,Darknesses,,general,,
akairiringwa,Whirlwind,,general,,
obwiriringwa,Whirlwinds,,general,,
akagoroda,Bungle: a bracelet,,general,,
obugoroda,Bungle: a bracelets,,general,,
akairirizi,"Twilight,dusk",,general,,
obwiririzi,"Twilight,dusks",,general,,
akairukairukaine,Chaos,,general,,
obwirukairukaine,Chaoses,,general,,
empaka,Competetion for something,,general,,
empaka,Competetion for somethings,,general,,
akaisikina,Hiccup,,general,,
obwisikina,Hiccups,,general,,
akahimba,Clitoris,,general,,
obuhimba,Clitorises,,general,,
akahoiho,A small moth,,general,,
obuhoiho,Small moths,,general,,
akaisikondo,Hiccup,,general,,
obwisikondo,Hiccups,,general,,
obuhuna,State of confusions,,general,,
obuhangabeebe,Small flying termites,,general,,
akajoogo,Contempt,,general,,
obujoogo,Contempts,,general,,
akajugo,A pen cover,,general,,
obujugo,Pen covers,,general,,
akakiro,A small hillock,,general,,
obukiro,Small hillocks,,general,,
akaizigorro,Dizziness,,general,,
obwizigorro,Dizzinesses,,general,,
akajabago,A muddy area,,general,,
obujabago,Muddy areas,,general,,
akanuriirizi,Sweet taste,,general,,
obunuriirizi,Sweet tastes,,general,,
akajabirro,Over excitement,,general,,
obujabirro,Over excitements,,general,,
akajagarro,Commotion,,general,,
obujagarro,Commotions,,general,,
kwinganiza,"To level, flat",,general,,
kujarra,To spread for,,general,,
kwija,To come,,general,,
alimansr,Diamond,,general,,
tandika,To get started,,general,,
akajaiko,Passion for roaming,,general,,
obujaiko,Passion for roamings,,general,,
akanyamukara,Nut grass,,general,,
obunyamukara,Nut grasses,,general,,
akajanja,Superficial behaviour,,general,,
orujanja,Superficial behaviours,,general,,
akanyamukira,Dung maggot,,general,,
ombunyamukira,Dung maggots,,general,,
obunyamukara,Fresh fried grasshoppers,,general,,
aktindinda,Small snail,,general,,
obutindinda,Small snails,,general,,
akanyamwenyi,Squirrel,,general,,
obunyamwenyi,Squirrels,,general,,
ekyena kye'kitoke,An undeveloped banana,,general,,
ebyabana bye'bitoke,Undeveloped bananas,,general,,
kwamira,To shout at,,general,,
akanywanisa,: hyphen,,general,,
obunywanisa,: hyphens,,general,,
akaradaari,:mustard seed,,agriculture,,
obukaradaari,:mustard seeds,,agriculture,,
akaragwa,:inherited trait,,general,,
oburagwa,:inherited traits,,general,,
akarebure,:a slunderous utterance,,general,,
oburebure,:a slunderous utterances,,general,,
muyaye,:sarcasm,,general,,
obuyaye,:sarcasms,,general,,
kwaka,:lust for sex,,general,,
kwaka,:lust for sexes,,general,,
akatiko,:peer pressure,,general,,
obutiko,:peer pressures,,general,,
akarondo,:lineage,,general,,
oburondo,:lineages,,general,,
akarwariro,:a clinic,,general,,
oburwaro,:a clinics,,general,,
akashuumo,:.a steep slope,,general,,
akakokomoko,:.a steep slopes,,general,,
akasisira,:a small hut,,general,,
obusisira,:a small huts,,general,,
akasirimuko,:a sloppy place,,general,,
obusirimuko,:a sloppy places,,general,,
akasirimuko,"Slope, descent",,general,,
obusirimuko,"Slope, descents",,general,,
akaveera,:plastic sheeting,,general,,
obuvera,:plastic sheetings,,general,,
amabere ge'mbwa,: dog teats,,general,,
amadaraka,:being stylish,,general,,
amafaranga,:Rwandese currency,,general,,
makune,: hospitable people,,general,,
eraama,:spots,,general,,
obutabaijuko,":conflicts, intrigues, etc",,general,,
ebikarakate,Ish scales,,general,,
esande,Undiluted banana juice.),,general,,
amakuute,Neighbouring countries),,general,,
amakwenkwe,A hearty laugh,,general,,
amacande,Sunflower),,general,,
amamera,Germinated plants,,agriculture,,
enyugunyu,Pelvic bones,,general,,
ekitungutana,Sweating profusely,,general,,
ebika bye'nkyanzi,Type of beads,,general,,
amaizi aga kufuka,Water;cold water,,general,,
amasa,"Nothing, emptiness",,general,,
ebisansa,.dry banana leaves,,general,,
amasanyarazi,. Electricity,,general,,
amasereka,Breastmilk,,general,,
ebisodo,Bird's droppings,,general,,
amasununu,Fresh milk,,general,,
amasya,Burns,,general,,
amaizi aga kwokya,Hot water,,general,,
entangatangano,A road junction,,general,,
amatembero,"Steps, or staircases",,general,,
amaterekero,Shelves,,general,,
amatone,Dots or spots,,general,,
kunihira,"Expectancy, suspense, uncertaint",,general,,
abarongo,Identical twins,,general,,
amazina,Dancing styles,,general,,
ibale lyo'muhendo,Precious stone,,general,,
ekiro kyo'kutemba mwiguru,Ascension Day,,general,,
asidi,Acid,,general,,
kasisira,Small hut,,general,,
obusisira,Small huts,,general,,
akakaikuru kamu,One million,,general,,
akakaikuru kamu,One millions,,general,,
akakekeeyo/ akasenginjo,A sieve,,general,,
obukekeyo/ obusenginjo,Sieves,,general,,
akakongoijo,Heel,,general,,
obukongoijo,Heels,,general,,
akakonkomoko,Slope,,general,,
obukokomoko,Slopes,,general,,
akakunukizi,Apostrophe,,general,,
obukunukizi,Apostrophes,,general,,
karandaranda,A creeping plant,,agriculture,,
kurandaranda,Creeping plants,,agriculture,,
akalebule,A careless talk,,general,,
obulebule,Careless talks,,general,,
akalebulebu,Difficult times,,general,,
obulebule,Difficult timeses,,general,,
akaleecu,Some peace,,general,,
obuleecu,Some peaces,,general,,
akaregete,Small packet,,general,,
oburegete,Small packets,,general,,
akaleju,Chin,,general,,
obuleju,Chins,,general,,
akalenge,Thin leg,,general,,
obulenge,Thin legs,,general,,
edebe,"Pail,bucket",,general,,
edebe,"Pail,buckets",,general,,
akamaganda,Tangerine,,general,,
obumaganda,Tangerines,,general,,
akamanyiso/akarorwaho,Sign,,general,,
obumanyiso/oburorwaho,Signs,,general,,
kame,Hare,,general,,
obume,Hares,,general,,
akameeza,"Stool,lockable desk",,general,,
obumeza,"Stool,lockable desks",,general,,
akamogo,"A mark,a scar",,general,,
obumogo,"Mark,a scars",,general,,
akanenero,A chick-bone,,general,,
obunenero,Chick-bones,,general,,
akanwa,Mouth,,general,,
obunwa,Mouths,,general,,
akanyamankogoto,Tortoise,,general,,
obunyamankogoto,Tortoises,,general,,
akanyamuryaine,"Tumult, uproar",,general,,
obunyamuryaine,"Tumult, uproars",,general,,
ekika kyakatuzi,Type of mushroom,,general,,
ebika byo'butuzi,Type of mushrooms,,general,,
akatuzi ko'bwera,Small white mushroom,,general,,
obutuzi byo'bwera,Small white mushrooms,,general,,
akanyuunyambuzi,Yellow oxalis,,general,,
obunyuunyambuzi,Yellow oxalises,,general,,
kondomu,"Small ball, condom",,general,,
kuondomu,"Small ball, condoms",,general,,
akapimpina,Chameleon,,general,,
enyampimpina,Chameleons,,general,,
ekisirani,Misfortune curse grumbling,,general,,
akaronkoronko,Trait of weakness,,general,,
oburonkoronko,Trait of weaknesses,,general,,
akarorwaho,"Sign, symbol",,general,,
oburorwaho,"Sign, symbols",,general,,
akarumanfuuzi,Tiny biting fly,,general,,
oburumanfuuzi,Tiny biting flies,,general,,
akahumuza,A comma,,general,,
obuhumuza,Commas,,general,,
akati kisoke,"Comb, hair brush",,general,,
obuti bwisoke,"Comb, hair brushes",,general,,
akasarre,"Danger, difficulty",,general,,
obusarre,"Danger, difficulties",,general,,
akasasamaro,"Greatcommotion, confusion",,general,,
obusasamaro,"Greatcommotion, confusions",,general,,
akasekende,Shaker,,general,,
obusekende,Shakers,,general,,
esigo,Seed,,agriculture,,
esigo,Seeds,,agriculture,,
omwirima,Complete darkness,,general,,
omwirima,Complete darknesses,,general,,
akasiisira,Make shift hut,,general,,
obusiisira,Make shift huts,,general,,
akasondaburo,Epiglottis,,general,,
obusondaburo,Epiglottises,,general,,
akasonga,Tip of something,,general,,
obusonga,Tip of somethings,,general,,
akasoono,"Enticement, persuasion",,general,,
obusoono,"Enticement, persuasions",,general,,
akasoonooki,Morning sunshine,,general,,
obusoonooki,Morning sunshines,,general,,
akasumi,"Time, season",,general,,
obusumi,"Time, seasons",,general,,
obusungu,Straw of grasses,,general,,
akaswa,Small anthill,,general,,
obuswa,Small anthills,,general,,
akataama,Small sheep,,general,,
obutaama,Small sheeps,,general,,
akatale,Market,,general,,
obutale,Markets,,general,,
akatambaara,Handkerchief,,general,,
obutambaara,Handkerchiefs,,general,,
akatiiko,Newly found excitement,,general,,
obutiiko,Newly found excitements,,general,,
akatimba,"Net, wire mesh",,general,,
obutimba,"Net, wire meshes",,general,,
obutongo,"Thicket, small forests",,general,,
obutoonyezi,"Dot, full stops",,general,,
akatunda,Small passion fruit,,general,,
obutunda,Small passion fruits,,general,,
akatunguru,An onion,,general,,
obutunguru,Onions,,general,,
akatuzi,Small mushroom,,general,,
obutuzi byo'bwera,Small mushrooms,,general,,
akawamuje,Squirrel,,general,,
obuwamuje,Squirrels,,general,,
akazingo,Chronic,,general,,
obuzingo,Chronics,,general,,
akamayiro,Uncalled for familiarity,,general,,
obumanyiro,Something for emergency,,general,,
alifabeti,Alphabet,,general,,
alipoota,Report,,general,,
amaani,"Strength,authority, violence, force",,general,,
amabaale,Stones,,general,,
amabega,Shoulders,,general,,
amabeho,Fresh air,,general,,
amabingo,"Reeds, elephant grass",,general,,
nyamunura,"Savouries, delicacies",,general,,
amacande,Sesame,,general,,
entungo,Sesame,,general,,
amacu,"Asthma, bronchitis",,general,,
amacumu,Spears,,general,,
amacunda,Churned milk,,general,,
amacwacwa,"Cunning, craft, wisdom",,general,,
amacwanta,"Saliva, spittle",,general,,
amadaara/amatembero,"Ladders, steps",,general,,
amadinda,Pleats,,general,,
amaiso,Eyes,,general,,
amaduli,Hemp seed,,agriculture,,
amaazi,"Faeces, excrement",,general,,
obugumangaine,Difficulty,,general,,
amagana,"Hundred(100), wealth",,general,,
amaganga/enkali ye'nte,Urine of cattle,,general,,
amaganya,Grief,,general,,
obwomezi,"Health, strength, life",,health,,
ensigo ezakya muno,Overflowing grains,,agriculture,,
amagaruka,Return journey,,general,,
amagesa,Reaping,,general,,
amagezi,Wisdom,,general,,
amagoba,Profits,,general,,
amagosi,Testicles,,general,,
amaguli,Large granaries,,general,,
amahanga,Nations,,general,,
amahano,Wonders,,general,,
amahembe,Horns,,general,,
amahuli,Eggs,,general,,
amahunge,Northwest wind,,general,,
amakuru,News,,general,,
amahurru,Small royal drums,,general,,
amairu,Intense desire,,general,,
amaiso,"Eyes, face",,general,,
amajabali,"Frayed, jagged edges",,general,,
isoke/ ekyoya,Hair,,general,,
kutimba,"Decoration, adornment, exaggerations",,general,,
amajenjeka,To tie loosely,,general,,
amajooba,"Red stitching, embroidery",,general,,
amaka,"Homes, homestead",,general,,
amakamo,"Curdled milk, junket",,general,,
amakara,Charcoal,,general,,
akigarukwamu,"To answer, reply",,general,,
amakebe,Fat cheeks,,general,,
amakendu,Waist,,general,,
amakerre,Wild strawbberries,,general,,
amakooti,Round shoulders,,general,,
amakune,Hospitality,,health,,
amakuura,In footmall,,general,,
amakutu,Short cut,,general,,
amakuuma,Round shoulders,,general,,
amakuumuule,Rudeness,,general,,
amalebe,Water lilies,,general,,
amalere,Fern,,general,,
amaligisa,"Over doing, exaggeration",,general,,
amaryo,"Cunning, craft",,general,,
amambukiro,"Ford, landing site",,general,,
kujwaha,To be exhausted,,general,,
kuraranja,"To scatter, exhaust",,general,,
amanambo,Old mines,,general,,
amananu/amazima,Truth,,general,,
amanduguya,Mumps,,general,,
amankwaha,Armpits,,general,,
amanyaali,Semen,,general,,
obufuki,"Damp, cold",,general,,
amanzamba,Cartridge bolt,,general,,
ebyenda,"Bowels, small intenstines",,general,,
amaraka,"Voices, throat, larynx",,general,,
amarali,"Squint, cross-eyes",,general,,
kwangana,Divorce,,general,,
kwangasana,To shine,,general,,
kwanguha,To be quick,,general,,
kwanguhya,"To hasten, accelerate",,general,,
kwomesereza,To dry slowly,,general,,
kujara,To spread out,,general,,
kujingajinga,Forge,,general,,
kusukura,To open (book),,general,,
kwinganiza,To be level,,general,,
kuhonda,"To crush, pound",,general,,
kwatura,To hatch out,,general,,
amaranga,Type of lilies,,general,,
emyempanko,Pride,,general,,
amarunga,Scarlet seeds,,agriculture,,
amasamba,"Estates, plantations",,agriculture,,
amasanga,"Ivory, tusks",,general,,
amasanyu,"Leafy twigs, foliage",,general,,
amasasaazi,Sparks,,general,,
amasasi,Bullets,,general,,
amasirimuko,"Descent, slope,south",,general,,
amasu,"Loneliness, solitude",,general,,
amasumi,Fresh milk,,general,,
amasurubbu,Whiskers,,general,,
amaswale,Raffia,,general,,
amata,Milk,,general,,
amatandiiko,"Harness, saddle",,general,,
amatanga/ebiraka,Patches,,general,,
amatangatangano,"Cross-roads, junction",,general,,
amatembero,Ladders,,general,,
amatu,Ears,,general,,
amazaarwa,Birthday,,general,,
amazi,"Dung, feaces,stool",,general,,
amaziga,Tears,,general,,
amazima,Truth,,general,,
amoogi,Sharpness,,general,,
amooya,Feathers/hair,,general,,
ange,Mine,,general,,
ekigarukyamu,Answer,,general,,
arukwiragura,"Black, black person",,general,,
kyawe,Yours,,general,,
abanyabuzale,Relatives,,general,,
abazini,"Chorus, choir",,general,,
baamya,Okra,,general,,
bachwezi,"Demi-god, soldier",,general,,
bagaya,They despise,,general,,
bahima,Pastoralists,,general,,
bahuma,Pastroral cow-men,,general,,
bakisaagya,Beyond expectation,,general,,
Baraza,Monday,,general,,
kusemererwa,To be joyfu,,general,,
bambataza,To squash,,general,,
kuhikiriza,To fulfill,,general,,
banganira,To belp,,general,,
bankizaki,Large purple orchid,,general,,
bara,"To count,calculate",,general,,
Barozi,A governor,,general,,
batiza,To baptize,,general,,
baza,To talk,,general,,
baziira,To sew,,general,,
bbaamuura,"To straighten, unbend",,general,,
ebaasa,Envelope,,general,,
bbamu,Intensive with,,general,,
bbamuka/kugwamu,To come unexpectedly,,general,,
bbani/oruhu,Buffalo hide,,general,,
bbanka,Bank,,general,,
bbanura,To dash down,,general,,
bbaraza,Council,,general,,
bbaruka,To burst,,general,,
bbasitooro,"Pistol, revolver",,general,,
bbeeru,"Flag. Banner, sail",,general,,
bbeeseni/bafu,Basin,,general,,
bbinika,Kettle,,general,,
bbomba,Bicycle pump,,general,,
kukaba,To collapse completely,,general,,
empanga,Dig deep,,general,,
bbuukura,Roar,,general,,
bbwarruza,"Crunch, snap",,general,,
beene,Relative,,general,,
begebege,"Food, portion out",,general,,
bembeka,Walk on heels,,general,,
bibugo,Grave clothes,,general,,
bicoboyo,Young beans,,agriculture,,
bicucuke,Dust. Rubbish,,general,,
bicwe,Broth,,general,,
bicwereriirwe,Invited thing,,general,,
bifu,Dead goats;rotten seeds,,agriculture,,
bifunjo,Papyrus,,general,,
bigene,Entertaining conversation,,general,,
bigenge,Leprosy,,general,,
bigesera,Hair plaited style,,general,,
bigesero,"Stubble, straw",,general,,
bigondonka,"Happenings, occurrences",,general,,
bigono,Snoring,,general,,
bigoye,Recover,,general,,
biguuna,Ring conn,,general,,
bihaarro,(used only inpl.fonn),,general,,
bihana,Dyspepsia pains,,general,,
bibaniirro,"Warning, caution",,general,,
bihunda,"Rubbish, refuse",,general,,
bihwa,Whispered words,,general,,
biihabiiha,"To entice, seduce",,general,,
bire,"Bad, ugly",,general,,
biikiza,To set down,,general,,
bijaga,Severe chronic syphilis,,general,,
bijwajwa,"Saliva, dribble",,general,,
bika,Announce the death,,general,,
bikaiga,Young beans,,agriculture,,
bikambi,"Dregs,refuse, rubbish",,general,,
bikangaarra,Skeleton,,general,,
bikaoja,Dregs of beer,,general,,
bikanka,Make threats,,general,,
bikeerranwa,Waning moon,,general,,
bikoorro,Sputum,,general,,
Bikwebe,A response,,general,,
bikya,Neck,,general,,
bimwemwe,Smile,,general,,
binkuti,Force a laugh,,general,,
bintu,"Things,wealth",,general,,
binyansi,Weeds; worms,,general,,
binyoobwa,Ground outs,,general,,
binzaah,Curry powder,,general,,
biraapara,Hurriedly,,general,,
birerya,Husks of simsim,,general,,
birezi,Secretion from eyes,,general,,
biri,"Root, two",,general,,
biriibwa,"Eatables, food",,general,,
birika,Snow,,general,,
biro,Days; periods,,general,,
birungo,"Seasoning,spices",,general,,
birusu,Saliva,,general,,
bisa,Labour pains,,general,,
mabingo,Young reed,,general,,
bisajwa,Fat of animals,,general,,
bisaka,Herbal medicine,,health,,
bisanku,Dry cow dung,,general,,
biseereere,Beans,,agriculture,,
bisengere,"Ironstone, dross, slag",,general,,
bisonde,"Syphilis, yaws",,general,,
bisuba,"Lies, deceit",,general,,
bisunga,"Husks, shavings, refuse",,general,,
bisuni,"Variola, chicken pox",,general,,
bisiyaga,Sodomy,,general,,
bitanaki,Vomit,,general,,
bitanta,Labia,,general,,
bitaarra,Whiskers,,general,,
bitege,Bandy legs,,general,,
bitontoorro,Birds' dropping,,general,,
biyaga,Addled infertile eggs,,general,,
biyogoma,Flop down,,general,,
boba,"Ja kcal, fox",,general,,
boboorra,Unfasten,,general,,
bohorrooka,To unfasten,,general,,
kunyeta,To be fat,,general,,
bomwiboolezo,Market toll collectors,,general,,
bona,"Experience (trouble, etc.)",,general,,
bonabona,Suffer,,general,,
bondeerra,"Forge, to dissolv",,general,,
bonekera,To appear to,,general,,
bonesa,"To hurt, punish",,general,,
boroogo,"Wailing,lamentation",,general,,
boyerangana,To attack eachother,,general,,
boyesa,"Scent, perfume",,general,,
bubaagi,Flaying,,general,,
bubaizi,"Carpentry, joinery",,general,,
bubaliirizi,Economy.stinginess,,general,,
bubambaazi,Mad behavior,,general,,
bubi,"Evil, harm;excrement",,general,,
bubitihi,"Lying, deceitfulness",,general,,
buboijana,"Loneliness, friendlessness, solitude",,general,,
bubu,Large edible mushroom,,general,,
bubuura,Loneliness solitude,,general,,
buceke,"Weakness,feebleness",,general,,
bucwangya,"Deceit,fraud",,general,,
budaida,Ceaselessly,,general,,
budomadoma,To folly,,general,,
budoolidooli,"Little, tinny",,general,,
buduupe,"Cunning,craftiness",,general,,
buduuzi,"Scorn, derision",,general,,
bufaakatr,Widowhood,,general,,
bufu,"Greediness,selfishness",,general,,
bufuoda,"Narrowness,compression",,general,,
bufuodaano,"Suffocation, stifling,asphyx",,general,,
bufuuhi,Jealousy,,general,,
bugaajuki,Redness,,general,,
bugabe,"Freedom,right",,legal,,
bugabi,"Generosity,booty",,general,,
bugambirambere,Talk at random,,general,,
bugana,At liberty,,general,,
buganiza,To clasp,,general,,
buga.njaine,"Friendship, affection",,general,,
buganjani,Forch,,general,,
buganyizi,"Pity, mercy",,general,,
buganzi,"Affection,favoritism",,general,,
bugeoyi,Feast,,general,,
bugizi,"Ability, power",,general,,
bugobya,"Deceit, fraud,hypocrisy",,general,,
bugoga,"Nature,disposition. Way etc",,general,,
bugoigo,"Sisal, hemp",,general,,
bugole,Wedding,,general,,
kusetura,Feed (cattle) early,,general,,
bugumba,"Barrenness, sterility",,general,,
bubudamo,"Reliance,security, strength, refuge",,general,,
bugumizo,Forge,,general,,
buguniiriza,Stubbornness,,general,,
bugunule,Insolence,,general,,
bugurusi,Old age,,general,,
buguta,To rustle,,general,,
buguuda,"Wealth, riches",,general,,
buguzi,Merchandise,,general,,
bugwagwa,Foolishness,,general,,
bugweterano,"Inheritance, succession",,general,,
bugwetwa,Inheritedproperty,,general,,
busa,For nothing,,general,,
buhaba,Folly,,general,,
buhambirize,"Force,compulsion",,general,,
buhamizo,"Stronghold,support, influence",,general,,
bubaodiike,"Written matter, correspondence",,general,,
buhanga,Distant country,,general,,
bubangaazi,"Longevity, durability",,general,,
buhangami,Scarcity,,general,,
buhangirizi,Slander,,general,,
buhango,"Weight, size, bulk",,general,,
buhangwa,"Inherent,nature",,general,,
buhara,"Girlhood,maidenhood",,general,,
buhate,Spitefulness,,general,,
buheereza,Service,,general,,
buhemu,"Shame, disgrace",,general,,
bubendeke,"Fracture,sprain",,general,,
buhere,Scabies. The itch,,general,,
buhoogozi,"Extortion,rapine, plunder, fraud",,general,,
buhulizi,"Order,discipline, obedience",,general,,
buhumbe,"Multitude, crowd; delicacy",,general,,
buhu nga,Flour,,general,,
bubungu,"Folly,indecency",,general,,
bobuta,"Wound,injury",,general,,
buhuuhirizi,"Fine rain,drizzle",,general,,
bubwite,"Senility, senile, decay",,general,,
buhya,Pitfall for animals,,general,,
buhyaka,Newness,,general,,
bujagaali,Stupidity,,general,,
bujojo,Elephantiasis,,general,,
bujulizi,"Evidence, testimony",,general,,
bujunaanizibwa,Responsibility,,general,,
bujwahi,"Weariness, fatigue",,general,,
Bukama,Kingdom,,general,,
bukatuzi,Violence,,general,,
bukaya,Fierceness,,general,,
bukazi,"Womanhood,female genitals",,general,,
buke,"Littleness, fewness",,general,,
bukeeto,Stewardship,,general,,
bukene,Die uncared for,,general,,
bukerembe,Infancy,,general,,
bukigi,Trypanosomyasis,,general,,
bukiioiiki,Sarcasm,,general,,
bukiiouuki,Rudeness,,general,,
bukoonyezi,"Help,assistance",,general,,
bukooto,"Size,bigness",,general,,
Bukristaayo,Christianity,,general,,
bukuku,"Stinginess,rancidity",,general,,
bukungani,"Discord, strife",,general,,
bukungu,Minor chieftainship,,general,,
bukorungutaniza,"Cunnningness, craftiness",,general,,
bukwasizo/buyamba,"Assistance,support",,general,,
bukwataoe,Relationship,,general,,
bukwatwa,"Captivity,imprisonment",,general,,
bukyabukya,"Daily, always",,general,,
Buraya,Europe,,general,,
bulebule,Completely,,general,,
buleegi,Begging,,general,,
bulehe,"Compensation,reparation",,general,,
bulemeezi,"Weight,difficulty",,general,,
bulemi,"Rule, control,government, force",,legal,,
bulengi,Stinginess,,general,,
yamba abaana,Care of children,,general,,
burryegaitaho,Join,,general,,
buliba,Rat trap,,general,,
bulibweoguzi,Corruption,,general,,
buliiririzi,Greed,,general,,
burlisizo,Pasture,,general,,
bulimi,Lisp,,general,,
bulimi,Cultivation,,general,,
bulindwa,Protection,,general,,
bulingiri,Unsociability,,general,,
bulinzi,Guardianship,,general,,
buryo,"Justice, reason",,legal,,
bumanyi,"Knowledge,understand recognition",,general,,
bumanyiizi,Experience,,general,,
bumanzi,Courage,,general,,
butwa,Poison,,general,,
bumba,Mould,,general,,
bumbaataniza,"To clasp, tightly",,general,,
bumbaatiza,To clasp tightly,,general,,
bumomi,Rust,,general,,
byomu,"Oneness, unity",,general,,
bulemu,"Lameness,disableness",,general,,
bumwemwe,Smile,,general,,
bunabbi,Prophecy,,general,,
bunaku,Poverty,,general,,
bunanasi,Redness,,general,,
bunanu,"Trustfulness,confidence",,general,,
bunanuki,Foreg,,general,,
bundaaza,"To humble, abase",,general,,
bune,Liver,,general,,
Bungereza,England,,general,,
bungurya,Gulp,,general,,
bunihe,"Satisfaction,repletion",,general,,
bunkohoob,Inedible termites,,general,,
bunkuli,"Bolt food, gulp",,general,,
bunoobi,Hatred,,general,,
buntamantama,"Mumble, mutter, murmur",,general,,
buotu,"Being, humanity",,general,,
bunu,This,,general,,
bunuliirizi,Sweetness,,general,,
bunuzi,"Flavor, taste",,general,,
bunwekinweki,Flattery,,general,,
bunyagi,"Plunder, violence, rapine",,general,,
bunyagwa,Captivity,,general,,
buoyakantu,"Hasty,temper",,general,,
bunyamarumbu,"Stiffness, aching",,general,,
bunyamibwa,Good looks,,general,,
bunyankomo,Imprisonment,,general,,
bunyansi,Grass,,general,,
bunyanzigwa,Enemity,,general,,
bunyaruguru,Position,,general,,
bunyeete,Stoutness,,general,,
bunyigi,"Meanness,stinginess, miserliness",,general,,
bunyuunyuguzi,Foreg,,general,,
bunywani,"Friendship, blood brother-hood",,general,,
bunyigitiro,Foreg,,general,,
bunyuunyambuzi,Plant like clover,,agriculture,,
"bunyu unyuguru,",Tickling sensation,,general,,
buraaro,Lodging,,general,,
burabo,"Path, passage,way",,general,,
buraguzi,Divination,,general,,
buraiha,Height,,general,,
buraira,"Length, height",,general,,
bugumya,"Fixed, firmly",,general,,
burangara,Stir up trouble,,general,,
burangura,"Opthalmia,trachoma",,general,,
buro,Small millet,,general,,
burofu,"Filth., dirtiness,slovenness",,general,,
bu rogo,Witchcraft,,general,,
buronde,Forced labour,,general,,
burugo,Place of origin,,general,,
buruguta,"Roar, sound",,general,,
burukwera,Holiness,,general,,
burumi,"Ache, pain",,general,,
burumuka,"To rustle, swish",,general,,
burundu,Smallpox,,general,,
burungi,"Beauty, goodness",,general,,
burungurungu,Alone,,general,,
bururumi,"Fierceness,ferocity, harshness",,general,,
buruutura,"Rip, tear",,general,,
burwaire,"Illness, sickness, disease",,health,,
busumi,Time,,general,,
busumiikiranizo,Fastening. Joint,,general,,
busuubuzi,Trade,,general,,
busuuhuuki,"Exile, emigration",,general,,
buswale,Raffia,,general,,
busuuru,Ground-rent,,general,,
busuuti,Arab robe,,general,,
buswagirizi,Flattery,,general,,
buswahirizi,"Provocation, taunting, booing",,general,,
buta,Be feeble,,general,,
butaahi,"Neighbourhood,neighbourliness",,general,,
butaaho,"Residence, dwelling place",,general,,
butaamanya,Foolishness,,general,,
butagasi,Warmth,,general,,
butaweza,Blindness,,general,,
kukaba,"Collapse, fall",,general,,
butaikya,Unceasingly,,general,,
"bu taito,","Littleness.smallness, fewness",,general,,
butale,Iron ore,,general,,
butamilzi,"Drunkenness, intoxication",,general,,
butandikiro,Starting point,,general,,
butandwa,"Unforeseen peril, accident",,general,,
butanwa,Accidental occurrence,,general,,
butasi,Espionage,,general,,
butatara,To spread about,,general,,
butebezi,Preaching,,general,,
buteeraniro,Joint,,general,,
buteero,To fall,,general,,
buteerre,Slipperiness,,general,,
butembane,Inbreeding,,general,,
buteodebeki,Task,,general,,
butentebeke,"Impossibility, difficulty",,general,,
butere,Fat tai,,general,,
butida,Catapult,,general,,
butigi,"Forwardness, perversity",,general,,
butiime,Minced meat,,general,,
butiini,"Fear, cowardice",,general,,
butika,To dump down,,general,,
buto,"Childhood,youth",,general,,
butogoro,Bloodpudding,,general,,
butooganiro,"Excuse, defence",,general,,
botumwa,"Conunission,apostleship, ministry",,general,,
buturumuki,"Sloth,slackness",,general,,
butungi,Wealth,,general,,
buturukaizooba,The East,,general,,
butuzi,Button mushrooms,,general,,
butweki,Fomication(male),,general,,
buura,Give warning,,general,,
buurra/ zubura,Open the eyes,,general,,
buurru,Cloud of dust,,general,,
buutabu,Stoop,,general,,
buya,To be sleepless,,general,,
buyambi,"Help, aid,assistance",,general,,
buyanja,"Wavelets, ripples",,general,,
buyondo,Twisted fringe,,general,,
buyungiro,"Joint, splice",,general,,
buza,Lose,,general,,
buzaale,"Clanship, relationship, kinship",,general,,
buzaana,Slavery,,general,,
buzaarwa,"Parentage, birthplace",,general,,
buzigu,"Hostility,enemity; smallpox",,general,,
buzimba,Tuberculosis,,general,,
buzimbira,Bulk,,general,,
buzindaazi,Hoarseness,,general,,
bwabwanura,To crunch,,general,,
bwagaarra,To be squashed,,general,,
bwahuzi,"Storing up,stewardship",,general,,
bwakabiri,Second time,,general,,
bwakaiso,"Witness,testimony, evidence",,general,,
bwakyo,Tinny flowers,,general,,
bwalingi,"Laziness,foolishness",,general,,
bwamata,Tonsils,,general,,
bwamba,Copious,,general,,
bwanda,Yellow stonecrop,,agriculture,,
bwanga,Hollows,,general,,
bwangi,Refusal,,general,,
bwanyakatagara,Priesthood,,general,,
bwarangasa,Atmosphere,,general,,
bwarubanga,Godhead,,general,,
bwate,Jealousy,,general,,
bwati,Fissures of childbirth,,general,,
bwatuka,To make noise,,general,,
bweculiko,Slope,,general,,
bwecumi,"Neatness,smartness, cleanliness, adornment",,general,,
bweewiso,Expiation,,general,,
bweganyi,Self-pity,,general,,
bweganyirizi,"Slackness, laziness",,general,,
bwegege,Carefully,,general,,
bwegendereza,"Carefulness, circumspection, thrift",,general,,
bwegesa,Teaching,,general,,
bwegesibwa,Civilization,,general,,
bwcgombi,Covetousness,,general,,
bwckanasi,"Laziness, indolence",,general,,
bwekiiko,"Bend, curve,tum",,general,,
bwckobi,Conspiracy,,general,,
bwenda,"Generosity,liberality, bounty",,general,,
bwenderezi,"Oppression,bullying",,general,,
bwenugi,Neglect of owcrcowcre,,general,,
bwerebwere,Openly,,general,,
bwereme,"Willfulness,rebellion, impudence",,general,,
bweremera,Sole ownership,,general,,
bwerengerezi,"Bullying, scornfulness",,general,,
bwerindwa,Fragility,,general,,
bwesaganirizo,Rustling,,general,,
bwesengeze,Leasehold land,,general,,
bwesereko,"Hiding place, refuge",,general,,
bwesige,"Trust,confidence, assurance",,general,,
bwesigwa,"Trustworthiness, faithfulness",,general,,
bwesumbo,Shelter from rain,,general,,
bwesumikiri,Lumps,,general,,
bwesungi,"Cheek, impudence, naughtiness",,general,,
bwezigooro,"Curve,bend, round about",,general,,
bwibi/busuma,Theft,,general,,
bwigamiro/ buyamba,Support,,general,,
bwigamo,Shelter,,general,,
Bwigara,Expression of pity,,general,,
bwigara,Smallpox,,general,,
bwigurumba,Bigness,,general,,
bwiguu,Bully,,general,,
bwihulebwona,Stinging centipede,,general,,
bwijukuru,"Ancestry,generations",,general,,
bwikaro,"Place, residence, abode",,general,,
bwikazi,Foreg,,general,,
bwikizo,Refuge,,general,,
bwiko,"Mutual hatred,enmity",,general,,
bwimi,"Meanness,stinginess",,general,,
bwina,"Linleholes, tunnels",,general,,
bwinazi,Poverty,,general,,
bwingi,Plenty,,general,,
bwingira,Cave. Den,,general,,
bwinike,Serfdom,,general,,
bwiru,Slavery,,general,,
bwisi,Murder,,general,,
bwisiki,Girlhood,,general,,
bwogi,"Sharpness, edge",,general,,
bwogo,"Tumult, uproar",,general,,
bwojo,Boyhood,,general,,
bwoki,Honey,,general,,
bwomangane,Toughness,,general,,
bwomeezi,"Health, life, soul",,health,,
bwomi,Dryness,,general,,
bwomere,Dryness,,general,,
bwomuntu,Humanity,,general,,
bwongo,Brain,,general,,
bworobi,"Softness, tenderness",,general,,
bworoozi,Guardianshjp,,general,,
bwoya,Hair,,general,,
bwoyooyo,Nothing at all,,general,,
byamba/buroofu,Dirt,,general,,
byaoa,"Fruit, offspring",,general,,
byara,Fingers,,general,,
byeoda,Entrails,,general,,
byobwomeezi,"Health,sanitation matters",,health,,
byokera,To attack,,general,,
byokurya,Food,,general,,
byorwaoju,Immorality,,general,,
byoya,"Feathers,fur(animal hair)",,general,,
banu,These ones,,general,,
bandwa,Chwezi priests,,general,,
baro,Your husband,,general,,
batembuzi,"Pioneers, harbigners",,general,,
bazaire,Parents,,general,,
bbaasi!,Enough,,general,,
bbaibbuli,Bible,,general,,
bbasitoora,Pistol,,general,,
bbogoya,Plantain,,agriculture,,
bbwa,Openly,,general,,
beebwa,They can forget,,general,,
biringi,Sickle,,general,,
bibiri,Two hundred,,general,,
bigo,"Place, city",,general,,
bikumi bibiri,Two hundred,,general,,
bikumi bina,Four hundred,,general,,
bikumi bisatu,Three hundred,,general,,
bikumi bitaano,Five hundred,,general,,
binkwatiireki,Carelessly,,general,,
binzaari,Orange colour,,general,,
binu,These ones,,general,,
biisopu,Bishop,,general,,
bonka,They alone,,general,,
bonsatu,Three of them,,general,,
bontaano,Five of them,,general,,
boojo,Please,,general,,
boona,All of them,,general,,
bucuzi,Upside down,,general,,
bugazi,Facing up,,general,,
bugingo,"Dangerous, deadly",,general,,
bugubugu,Quickly and carelessly,,general,,
bugendandara,To walk sluggishly,,general,,
bugwaizooba,West,,general,,
buheekwa,Vehemence,,general,,
buhyaka,"Anew, again",,general,,
bukiika,Across,,general,,
buli kiro,Everyday,,general,,
bundi,Another time,,general,,
burugaizooba,East,,general,,
buturukamusanaj busa,For nothing,,general,,
businge,Peacefully,,general,,
butaleka,"Uncreasingly, continuously",,general,,
butoosa,"Everyday, always",,general,,
bumoso,Left hand side,,general,,
buri,That time,,general,,
buso-bwa-ntaama,Head on collision,,general,,
busa,Afresh; once more,,general,,
bwa,To speak openly,,general,,
bwakeire-bwaizire,Now and then,,general,,
bwangu,Quickly,,general,,
bwanamukuru,A parish priest,,general,,
bwanyima,Afterwards; later,,general,,
bwatu,Doing something openly,,general,,
bweera,Open,,general,,
bwemi,"Upright, standing up",,legal,,
bwino,"Ink,written",,general,,
bwohe,Temptation,,general,,
byabazaire,Of parents,,general,,
byo,"They, themselves",,general,,
byona,All of them,,general,,
tandika,"To begin, start",,general,,
Caali,"Expresses pity, admiration",,general,,
candakaarra,To be exhausted,,general,,
kubonesa,Torture,,general,,
capa/kutera,Slap,,general,,
capuka,To be chipped,,general,,
ceba,"To pound, crush",,general,,
cebaceba,To trot,,general,,
kusekereza,To mock,,general,,
ceeceeba,Cebaceba,,general,,
ceke,"Weak, feeble",,general,,
cekeca,"To dance,leap",,general,,
cwonacwona,Completely,,general,,
cekya,To weaken,,general,,
cenkacenka/nena,To chew,,general,,
cika,Discuss thoroughly,,general,,
compacompya,To be deceitful,,general,,
concoboza,To become destitute,,general,,
concona /kohonda,"To crush, pound",,general,,
kubyama,Sleep,,general,,
cucu,Expression of fraight,,general,,
cugura,To have diarrhoea,,general,,
Cukanaho,Get out,,general,,
cukumura,To discard,,general,,
curiikana,To over lap,,general,,
kusindika,To push,,general,,
kwanga,To refuse,,general,,
cumba,"To cook, boil",,general,,
cumbagira,To limp,,general,,
cumika,To set fire,,general,,
cunduka,Be corpulent,,general,,
cumuka,To grow tall,,general,,
cunkura,To suck dry,,general,,
cupa,Bottle,,general,,
curru,A destitute person,,general,,
cuucu,Dust,,general,,
cuukun,Wean,,general,,
cwagura,To eat ravenously,,general,,
cwamu,Settle matters,,general,,
cwanganiza,To go across,,general,,
cwanganizaamu,To divide,,general,,
cwankuna,To chew,,general,,
cweka,To break,,general,,
cwekana,To succumb,,general,,
cwekanira,Rush at joyfully,,general,,
cwereeira,To invent,,general,,
cwanganisikaniza,Cross a path,,general,,
cakucaku,Quickly,,general,,
ceiceice,In total silence,,general,,
coroko,Soya beans,,agriculture,,
culeezi,Quiet,,general,,
cuucuucu,Too much smell,,general,,
daata,To walk majestically,,general,,
dai,Intensive with guma,,general,,
dakiika,Minute,,general,,
dakitaali/omufumu,Doctor,,health,,
damura/genda,To move,,general,,
demba,Tolap,,general,,
dibisa,"To rundown, defame",,general,,
dyaka,"To become stupid,backward",,general,,
nyweza,"Tie tightly, tighten",,general,,
diini,Religion,,general,,
diira,Compass,,general,,
dikira,To sink,,general,,
dikya,To hit hard,,general,,
dimiryangombe,Blue soap,,general,,
dimunadimu,Seldom,,general,,
dinga,To become stupid,,general,,
yongeza/kabiri,To bubble,,general,,
domya,To stupefy,,general,,
doodokya,"To mock, ridicule",,general,,
cementi,Cement,,general,,
dongoro,Native soap,,general,,
dooba,To be stripped,,general,,
Dora,Look! Behold!,,general,,
dudura,"Beat unmercifully, flog",,general,,
dundukya,To tantalize,,general,,
duraamu,Barrel,,general,,
duubuuda,To waste,,general,,
duuka,Shop,,general,,
duura,"T oderide, scorn",,general,,
dubura,Drill,,general,,
dai-dai,Very hard,,general,,
daburokara,Double colour,,general,,
dainingi,Dining room,,general,,
dereeva,Driver,,general,,
deero,"Now, today",,general,,
disiko,Discotheque,,general,,
doodo,Amarinthus,,general,,
ekidomora,Jerrycan,,general,,
ebidomora,Jerrycans,,general,,
ekidongodongo,A heron,,general,,
ebidongodongo,Herons,,general,,
ekifubiro,"Punishment, penalty",,general,,
ebifubiro,"Punishment, penalties",,general,,
bikaiko,Food without salt,,general,,
bikaiko,Food without salts,,general,,
ebifu kyenda,Very greedy persons,,general,,
ekifunjo mururuma,Large intestine,,general,,
ebifunjo mururuma,Large intestines,,general,,
ekigambo,A word,,general,,
ebigambo,Words,,general,,
ekidikizo,Idiom,,general,,
ebidikizo,Idioms,,general,,
ekidongo,A guitar,,general,,
ebidongo,Guitars,,general,,
omudoma,A stupid person,,general,,
abadoma,Stupid persons,,general,,
ebifuba,Ekifubas,,general,,
ekifufu,A bruise,,general,,
ebifufu,Bruises,,general,,
endoboro/ensahu,A packet,,general,,
endoboro/ensahu,Packets,,general,,
ekifunjo,Rectum,,general,,
ebifunjo,Rectums,,general,,
ekigaali/enengere,A wheel barrow,,general,,
ebigaali/enegere,Wheel barrows,,general,,
bakanyama,Tall mascular persons,,general,,
ekiganyiro,Forgiveness,,general,,
ebiganyiro,Forgivenesses,,general,,
ekigarukwamu,Answer,,general,,
ebigarukwamu,Answers,,general,,
ekigene,Joke,,general,,
ebigene,Jokes,,general,,
ekigiiko,Spoon,,general,,
ebigiiko,Spoons,,general,,
ekihano,Something very surprising,,general,,
ebihano,Something very surprisings,,general,,
ekigega,A big basket,,general,,
ebigega,Big baskets,,general,,
ekigere,"Foot, foot print",,general,,
ebigere,"Foot, foot prints",,general,,
ekigigo,Molar tooth,,general,,
ebigigo,Molar tooths,,general,,
ebigunguru,Round plastic jerrycans,,general,,
ebihambo,Young pumpkin's gardens,,general,,
ekihohe,Soft immature calabash,,general,,
ebihohe,Soft immature calabashes,,general,,
ekikyorooni,Latrine,,general,,
ebyorooni,Latrines,,general,,
ekijunjuuzi,Beetle,,general,,
ebijunjuuzi,Beetles,,general,,
ekijwaro,"Garment, wear",,general,,
ebijwaro,"Garment, wears",,general,,
ekikaijo,Sugarcane,,general,,
ebikaijo,Sugarcanes,,general,,
ekikaragwe,A tree specie,,general,,
ebikaragwe,Tree species,,general,,
ekikindo,A palm tree,,general,,
ebikindo,Palm trees,,general,,
ebikeke,Pumpkins,,general,,
ekikere,"Frog, toad",,general,,
ebikere,"Frog, toads",,general,,
ebikoco,Old emanciated cows,,general,,
ekikongoriro,Maize cob,,agriculture,,
ebikongoriro,Maize cobs,,agriculture,,
ekikohi,Eyelid,,general,,
ebikohi,Eyelids,,general,,
ekikoikyo,Riddle,,general,,
ebikoikyo,Riddles,,general,,
ekikoligo,"Yoke problem, obstacle",,general,,
ebikoligo,"Yoke problem, obstacles",,general,,
ekikoobe,A herdsman's whistle,,general,,
abalisa,Herdsman's whistles,,general,,
ekisoro,An animal,,general,,
ebisoro,Animals,,general,,
ekikoosi,A battalion,,general,,
ebikoosi,Battalions,,general,,
ekikopo,Cup: a trophy,,general,,
ebikopo,Cup: a trophies,,general,,
ekijunzire,Rotten thing,,general,,
ebijunzire,Rotten things,,general,,
ekika,Sub-clan,,general,,
ebika,Sub-clans,,general,,
ekikaguzo,Question,,general,,
ebikaguzo,Questions,,general,,
ekikarango,Frying-pan,,general,,
ebikarango,Frying-pans,,general,,
ekiijukyo,A memorial remembrance,,general,,
ebiijukyo,Memorial remembrances,,general,,
ebijuma,"Fruit, a tables",,general,,
ekiina,"Hole, ditch, pit",,general,,
ebiina,"Hole, ditch, pits",,general,,
ekiisamuhana,Large hornbill,,general,,
ebiisamuhana,Large hornbills,,general,,
ekiisurumba,"Waterfall, rushing flood",,general,,
ebiisurumba,"Waterfall, rushing floods",,general,,
ebiisa-mutuutu,Big brown birds,,general,,
ekijinja,A seasonal swamp,,general,,
ebijinja,Seasonal swamps,,general,,
ebijubwe,Type of grasses,,general,,
ekijujuka,Odour: unpleasant smell,,general,,
ebijujuka,Odour: unpleasant smells,,general,,
ekijaju,Exaggerated information,,general,,
ebijaju,Exaggerated informations,,general,,
ekiihe,Severe famine,,general,,
ebiihe,Severe famines,,general,,
ekiijongo,A crater lake,,general,,
ebiijongo,Crater lakes,,general,,
ekiika,Heavy smoke,,general,,
ebiika,Heavy smokes,,general,,
ekiikaro,"Place, spot",,general,,
ebiikaro,"Place, spots",,general,,
ekiju,A bird's nest,,general,,
ebiju,Bird's nests,,general,,
ebijumo,"Insult, an abuses",,general,,
ekyoroni,Pit latrine,,general,,
ebyoroni,Pit latrines,,general,,
ekiituuru,"A shade, shadow",,general,,
ebiituuru,"Shade, shadows",,general,,
ekijogojogo,A snail shell,,general,,
ebijogojogo,Snail shells,,general,,
ekikaaka,Giant,,general,,
ebikaaka,Giants,,general,,
ebikaari,Reed fenced enclosures,,general,,
ekijaguzo,"Festivity, celebration",,general,,
ebijaguzo,"Festivity, celebrations",,general,,
empaka,"Argument, strife, dispute",,general,,
empale,"Knickers, trousers, shorts",,general,,
empambo,Seeds of gourds,,agriculture,,
empanuura,"Advice, counsel, discussion",,general,,
emparacuki,Swift runner,,general,,
emparra,Kind of locust,,general,,
empataniza,Space,,general,,
empazi,Safari ants,,general,,
empeereza,Service,,general,,
empegecu,"Gristle, cartilage",,general,,
empere,Bed-bug,,general,,
empeta,A ring,,general,,
empiigi,Hunting dog,,general,,
empitmpina,Chameleon,,general,,
empairimi,Male dog,,general,,
empamo,"Mourning, lamentation",,general,,
empara,Uganda Cob,,general,,
emparangani,Quarrelsome person,,general,,
empata,Constipation,,general,,
empeera,"Wage, pay, reward",,general,,
empeese/enfuka empyaka,A new hoe,,general,,
empekenyu,"Gristle, cartilage",,general,,
empiigani,"Enmity, persecution",,general,,
enkunguru,Grasshoppers: small grasshoppers,,general,,
enku,Firewood,,general,,
enkubebe,Worker termite,,general,,
enkubiti,"Strength, vigour",,general,,
enkukuni,Flea,,general,,
enkumbititi,"Multitude, crowd,abundance",,general,,
enkuna,"Hospitality, entertaining",,health,,
enkunuukizi,Hangnail,,general,,
enkura,Rhinoceros,,general,,
enkurungo,Blue banana eater,,general,,
enkuraijo,A plant species,,agriculture,,
enkorro,"Coughing disease, cough",,health,,
enkubirane,Repeatedly,,general,,
enkukuuru,Horn trumpet,,general,,
enkumba,White millet,,general,,
enkumo,Fingers,,general,,
enkunda,Red-tailed cercopitheque,,general,,
enkungani,"Strife, quarrel",,general,,
enkunku,Type of banana,,general,,
enkunzi,Lover,,general,,
enkakaara,Guinea fowl,,general,,
enkurugusi,Intruder,,general,,
enkurungutaniza,"Subtlety, cunning, cheating",,general,,
enkusi,Stupid person,,general,,
enkuuku,Pigeon peas,,general,,
enkwahwa,Armpit,,general,,
enkwanzi,Beads,,general,,
enkwatirizi,"Careful,deliberate, economical person",,general,,
ensaagi,Surplus,,general,,
ensambani,An adulterous person,,general,,
ensongore,A male dog,,general,,
ensumbi,SW.voilence or force,,general,,
ekwanzi ekwanasana,Big white beads,,general,,
enobi,"Dislike, enmity, hatred",,general,,
ensaali,Loquats,,general,,
enkuya,Large ape,,general,,
enkwali,Quail,,general,,
enkwomoro,Waning moon,,general,,
ensamya,Simsim,,general,,
ensaija,A male animal,,general,,
ensekure,A ram,,general,,
ensoberwa,SW.a desparate person,,general,,
ensonga,Menstruation period,,general,,
ensonga,SW.cattle disease,,health,,
ensoigo,Honey guide bird,,general,,
ensamaaki,Fish,,general,,
ensaano,"Flour, powder",,general,,
enseegu,"Pipe, flute",,general,,
enseenene,Edible grasshoppers,,general,,
enseesekale,Loose cents,,general,,
enseiso,Upper grinding stone,,general,,
enseko,"Laughter, fun",,general,,
ensemere,"Dear one, beloved",,general,,
ensenge,Giant hog,,general,,
ensenyerre,Good clear eyes,,general,,
etanaki,"Nausea, vomit",,general,,
ensi,"Earth, land, country",,general,,
ensidirirwa,Muzzle-loader,,general,,
ensigo,Kidney; seed,,agriculture,,
ensiiso,Upper grind stone,,general,,
ensimbi,Money,,general,,
ensisana,"Shape, appearance",,general,,
ensobi,"Mistake, error",,general,,
ensama,"Reedbuck, water buck",,general,,
ensandaigo,Border of mat,,general,,
ensazi,Become very exhausted,,general,,
ensekere,Sty (in eye),,general,,
ensembukya,Short-bladed spear,,general,,
ensenada,Cast,,general,,
ensengo,Fetters,,general,,
ensere,Hippopotamus,,general,,
ensibyemu,Type of potato,,general,,
ensiisira,Temporary shelter,,general,,
ensinika,Grin showing teeth,,general,,
ensita,Secret,,general,,
ensoborra,Explanation,,general,,
ensoga,Castor oil berry,,general,,
ensogasoga,Castor oil plant,,agriculture,,
ensohera,Housefly,,general,,
ensole,"Young dog, puppy",,general,,
ensombabyoma,Silkworm,,general,,
ensondokozi,Biting ant,,general,,
ensongo y'omutwe,"Protruding, prominent forehead",,general,,
ensonjogo,Tertiary syphilis,,general,,
ensonzi,Small black fish,,general,,
ensoro,Spring of water,,general,,
ensorrokano,Assemblies,,general,,
ensubiirizi,Imitator,,general,,
entaahi,Swallow,,general,,
entanaki,Vomit,,general,,
enteere,Being very tired,,general,,
entenge,Small beads,,general,,
ensusu,Flakes of skin,,general,,
enswa,White ants,,general,,
ensoha,Water- jar,,general,,
ensombi,Mud-fish,,general,,
ensondo,Cape of land,,general,,
ensoni,"Shame, embarrassment",,general,,
ensooki,Insolent person,,general,,
ensorooza,Collection,,general,,
ensubiiriza,Imitation,,general,,
enswiga,Black nightshade,,general,,
entasumbuswa,An irreplaceable cow,,general,,
entiizano,Borrowed things,,general,,
enyuma,Behind,,general,,
enyungu,"Pipe, earthenware, cooking-pot",,general,,
enzibira-busa,A cartapillas cacoon,,general,,
enziramira,Python,,general,,
enziiki,Burial fee,,general,,
enzira-kabi,A holy person,,general,,
enzirigi,Muscular and strong,,general,,
enziransi,West wind,,general,,
enzooro,Full moon,,general,,
eraatiri,A pound,,general,,
erangi,Colour,,general,,
eriiba,"Dove, pigeon",,general,,
amaiba,"Dove, pigeons",,general,,
eriiso-ry'ensi,Abyss,,general,,
amaiso-ry'ensi,Abysses,,general,,
eruusi,Young female goat,,general,,
eryogero,Bathroom,,general,,
amaogero,Bathrooms,,general,,
esaasi,"Sympathy, mercy, kindness",,general,,
esaara,Prayer,,general,,
enyumbu,Mule,,general,,
enza,Pubic Hair,,general,,
enzaarwa,"Home-born, native, original",,general,,
enzige,Locust,,general,,
enziha,Deep water,,general,,
enziku,Gonorrhoea,,general,,
enzini,"Singer, dancer",,general,,
enzizi,Wound,,general,,
eriigenda,"These days, nowadays",,general,,
amaigenda,"These days, nowadayses",,general,,
enzooka,"Appearance, view",,general,,
epipa,"Barrel, pipe",,general,,
eri,Which,,general,,
amarogo,Whiches,,general,,
eriino,Tooth,,general,,
amaino,Tooths,,general,,
eryanda,A dry cell,,general,,
amaanda,Dry cells,,general,,
eryato,A boat,,general,,
amaato,Boats,,general,,
eruguru,"Top, overthere",,general,,
eryana,Childishness,,general,,
engumba,Childishnesses,,general,,
esaati,Shirt,,general,,
esaiso,Upper grinding stone,,general,,
esasazi,Sparks,,general,,
esabwe,Butter sauce,,general,,
esafuliya,Saucepan,,general,,
esa,Bandle of grass,,general,,
esenza,SW.cane rat,,general,,
esokondwa,Caterpillar,,general,,
esuuka,Bed sheets,,general,,
esirabo,Common duiker,,general,,
esigara,Cigarettes,,general,,
esimu,Telephone,,general,,
esabbuuni,Soap,,general,,
esafaali,"Journey, tour",,general,,
esagama,Blood,,general,,
esapuli,Rosary,,general,,
esande,Banana juice,,general,,
esarisari,SW.urine in droplets,,general,,
esweta,Sweater,,general,,
esimooni,Fifty cents,,general,,
esirimbi,Whistle,,general,,
etaaba,"Tobacco, cigeretts",,general,,
etabaaro,Placenta: the afterbirth,,general,,
etabaaza,Lantern,,general,,
etarabuusu,Turkish hut,,general,,
etanka,Tank,,general,,
evaaro/eveero,Veil,,general,,
eveesiti,Vest,,general,,
eyange,Mine,,general,,
ezange,Mine,,general,,
ezikeere,Pelican,,general,,
etawaaza,See: ETABAAZA,,general,,
etuutu,"Sweat, perspiration",,general,,
etundubaale,Tarpauline,,general,,
evanjiri,The gospel,,general,,
eviini,Wine,,general,,
ezaabbu,Gold,,general,,
ezi,"Those ones, which",,general,,
ekikonderezo,A curse,,general,,
ebikonderezo,Curses,,general,,
ekikayaabu,Fish: Salted fish,,general,,
ebikayaabu,Fish: Salted fishes,,general,,
ekikoba,Peeled off skin,,general,,
ebikoba,Peeled off skins,,general,,
ekikoijo,Sugarcane,,general,,
ebikoijo,Sugarcanes,,general,,
ekikondere,Necklace of headwork,,general,,
ebikondere,Necklace of headworks,,general,,
ekikondo,Milestone,,general,,
ebikondo,Milestones,,general,,
ekikongoijo,Millipede,,general,,
ebikongoijo,Millipedes,,general,,
ekikonko,Empty maize cob,,agriculture,,
ebikonko,Empty maize cobs,,agriculture,,
ekikoori,Eye blow,,general,,
ebikoori,Eye blows,,general,,
ekikorongezo,A torch,,general,,
ebikorongezo,Torches,,general,,
ekikorwa,An act,,general,,
ebikorwa,Acts,,general,,
ekikumu,Toe or finger,,general,,
ebikumu,Toe or fingers,,general,,
ekitindinda,"Snail, slug",,general,,
ebitindinda,"Snail, slugs",,general,,
ekitimatima,The last,,general,,
ebitimatima,Lasts,,general,,
ekitiiri,"Anus, buttock",,general,,
ebitiiri,"Anus, buttocks",,general,,
ebiti,Piece of sticks,,general,,
ekiteete,Umoa grass,,general,,
ebiteete,Umoa grasses,,general,,
ekiteekerezo,"Idea, thought",,general,,
ebiteekerezo,"Idea, thoughts",,general,,
ebitoijo,Offering to Gods,,general,,
ekitingwa,Sexually loose,,general,,
ebitingwa,Sexually looses,,general,,
ekiteete,Lemon grass,,general,,
ebiteete,Lemon grasses,,general,,
ensoha,Clay water pots,,general,,
ekitentere,A young grasshopper,,general,,
ebitentere,Young grasshoppers,,general,,
ekitindiriro,Millet drying rack,,general,,
ebitindiriro,Millet drying racks,,general,,
ekiteetei,Dress,,general,,
ebiteetei,Dresses,,general,,
ebitenterezi,Kind of birds,,general,,
ekitereza,Soft straight hair,,general,,
ebitereza,Soft straight hairs,,general,,
ekitinti,A patched garmen,,general,,
ebitinti,Patched garmens,,general,,
ekitiyo,Spade,,general,,
ebitiyo,Spades,,general,,
ekyata-muzinga,Honey-eating animal,,general,,
ebyata-muzinga,Honey-eating animals,,general,,
ebiyengo,Small measuring baskets,,general,,
ebitwaro,Big storage baskets,,general,,
ekitumbwe,**unripe fruit.**,,general,,
ebitumbwe,**unripe fruit.**s,,general,,
ekisige,Eye blows,,general,,
ebisige,Eye blowses,,general,,
ekitooma,Ficus tree,,general,,
ebitooma,Ficus trees,,general,,
ekitontome,Poem,,general,,
ebitontome,Poems,,general,,
ekyenda,"The stomach,intestine",,general,,
ebyenda,"Stomach,intestines",,general,,
ekyemo,Physical stature,,general,,
ebyemo,Physical statures,,general,,
ekyemerro,Stature,,general,,
ebyemerro,Statures,,general,,
ekyemeza,A self-propagated plant,,agriculture,,
ebyemeza,Self-propagated plants,,agriculture,,
ekyekwaso,Excuse,,general,,
ebyekwaso,Excuses,,general,,
ekyekurra,A crawling thing,,general,,
ebyekurra,Crawling things,,general,,
ekyegemera,A set-square,,general,,
ebyegemera,Set-squares,,general,,
ekyeera,Albino,,general,,
ebyeera,Albinos,,general,,
ekyasha,A heart burn,,general,,
ebyasha,Heart burns,,general,,
ekyate,A crack,,general,,
ebyate,Cracks,,general,,
ekyaro,"Village, estate",,general,,
ebyaro,"Village, estates",,general,,
ekyaraani,Sowing machine,,general,,
ebyaraani,Sowing machines,,general,,
ekyara,"Finger, toe",,general,,
ebyara,"Finger, toes",,general,,
ekyanyuma,"Post, stamp",,general,,
ebyanyuma,"Post, stamps",,general,,
ekyange,Mine,,general,,
ebyange,Mines,,general,,
eky'ensekuro,Pestle,,general,,
eby'ensekuro,Pestles,,general,,
ekyambu,River,,general,,
ebyambu,Rivers,,general,,
ekyalinga,"Worthless person, good-for-nothing",,general,,
ebyalinga,"Worthless person, good-for-nothings",,general,,
ekyambara,Dog's collar,,general,,
ebyambara,Dog's collars,,general,,
ekyakyo,"Flower,blossom",,general,,
ebyakyo,"Flower,blossoms",,general,,
ekyokunya,Drink,,general,,
ebyokunya,Drinks,,general,,
ekyahati/kirokinu,Today,,general,,
ebyahati,Todays,,general,,
ekyahanyuma,"Placenta, after birth",,general,,
ebyahanyuma,"Placenta, after births",,general,,
ekyadundu,"Pouch,crop",,agriculture,,
ebyadundu,"Pouch,crops",,agriculture,,
ekyadaadi,"Placenta, after birth",,general,,
ebyadaadi,"Placenta, after births",,general,,
ekufuru,"Lock, padlock",,general,,
ekooko,Cocoa fruit,,general,,
ekondo,Coronets,,general,,
ekizizi,Swarm,,general,,
ebizizi,Swarms,,general,,
embaata,"Duck, goose",,general,,
emana,Vagina,,general,,
emamba,"Dawn, day break",,general,,
emambo,Pegs,,general,,
emaaya,Ostrich,,general,,
edobo,"Pail, bucket",,general,,
ekyoya,"Feather, hair",,general,,
ebyoya,"Feather, hairs",,general,,
ekyoto,"Fireplace, hearth",,general,,
ebyoto,"Fireplace, hearths",,general,,
ekyose,Hair bracelet,,general,,
ebyose,Hair bracelets,,general,,
ekyonzira,Sacrifice,,general,,
ebyonzira,Sacrifices,,general,,
ekyombo,"Sailing ship, dhow",,general,,
ebyombo,"Sailing ship, dhows",,general,,
ekyomuziro,Forbidden thing,,general,,
ebyomuziro,Forbidden things,,general,,
ekyombeko,Building,,general,,
ebyombeko,Buildings,,general,,
ekyokurwanisa,Weapon,,general,,
ebyokurwanisa,Weapons,,general,,
ekyokuhonga,Offering,,general,,
ebyokuhonga,Offerings,,general,,
ekyokujwara,"Garment, cloth",,general,,
ebyokujwara,"Garment, cloths",,general,,
ekyohyo,Temptation,,general,,
ebyohyo,Temptations,,general,,
ekyeyo,Broom,,general,,
ebyeyo,Brooms,,general,,
ekyezigolezo,"Corner, turn, bend,curve",,general,,
ebyezigolezo,"Corner, turn, bend,curves",,general,,
ekyeyamura,Yawn,,general,,
ebyeyamura,Yawns,,general,,
ekyeya,A level plain,,general,,
ebyeya,Level plains,,general,,
ekyetaago,A need,,general,,
ebyetaago,Needs,,general,,
ekyetebuko,An echo,,general,,
ebyetebuko,Echos,,general,,
ekyesweko,"Covering, blanket, sheet",,general,,
ebyesweko,"Covering, blanket, sheets",,general,,
ekyesingo,Self-will,,general,,
ebyesingo,Self-wills,,general,,
ekyesingiso,"Loofah, sponge",,general,,
ebyesingiso/ekikuto/ekijumakuba,"Loofah, sponges",,general,,
ekyesegenyu,Strainer for water,,general,,
ebyesegenyu,Strainer for waters,,general,,
ekyeremye,"Rebelliousness, disobedience",,general,,
ebyeremye,"Rebelliousness, disobediences",,general,,
ekyenyanja,Fish,,general,,
ebyenyanja,Fishes,,general,,
ekyokyezo,A burning place,,general,,
ebyokyezo,Burning places,,general,,
eraoga,To announce oneself,,general,,
erinduka,"To wince, start",,general,,
esansara,To scatter,,general,,
esereka,To hide oneself,,general,,
esiiga,To smear oneself,,general,,
esiikiriza,"To coveroneself, camouflage",,general,,
esiitara,"To stumble, trip",,general,,
esimba,To become surety,,general,,
eseemura,To sneeze,,general,,
kwimukya obusungu,Raise ones grief,,general,,
kwimukya obusungu,Raise ones griefs,,general,,
kugaita,To mix with,,general,,
kusereka,To hide,,general,,
esingoleza,To sweep idly,,general,,
kufika,To miss,,general,,
esoka,To gorge oneself,,general,,
esooboora,To slink off,,general,,
eta,"To call, invite",,general,,
etaabya,Intrude,,general,,
etabaga,Splash about,,general,,
kwepana,To dodge,,general,,
eteega,To gird oneself,,general,,
etendebeka,To balance oneself,,general,,
kuguruka,To skip,,general,,
kuhiga,Go hunting alone,,general,,
etiriginya,To wriggle,,general,,
eterega,"To gambol, skip",,general,,
kujingajinga,To fidget,,general,,
kujingjinga,"To skip, gambol",,general,,
eteegura,To ungird oneself,,general,,
etaba,Toentangle oneself,,general,,
esweka,To cover oneself,,general,,
esuusa,To swing oneself,,general,,
esungusura,Go away alone,,general,,
eyamura,To yawn,,general,,
kukaba,To challenge,,general,,
eyiita,To commit suicide,,general,,
eyorobya,"To insinuate oneself,fawn",,general,,
eyunguura,"To separate, disperse",,general,,
ezinda,To destroy oneself,,general,,
ezinguurra,To unwind oneself,,general,,
eyobyo,Spider plant,,agriculture,,
eyagura,To scratch oneself,,general,,
etuuma,To crowd together,,general,,
etunguurra,To slip off,,general,,
ebikoreso,Materials. 2) utensils,,general,,
ebijwaro,"Clothings, garments",,general,,
ebijaburiro,Fomentations,,general,,
ebiino,Large teeth,,general,,
ebihera,Odd numbers,,general,,
ebicwanta,Saliva,,general,,
ebicooli,Maize plant,,agriculture,,
ebbeeseni,A basin,,general,,
ebbaibbuli,The Bible,,general,,
ebbahaasa,Envelope,,general,,
ebirengeso,Examinations or tests,,general,,
ebicwanyagurika,**broken pieces**,,general,,
ebigene,Something done excessively,,general,,
ebigonzi,Waves,,general,,
ebihaburo,Pieces of advice,,general,,
ebihimba,Beans,,agriculture,,
ebihwazi,Impaired vision,,general,,
ebijaga,Syphilis,,general,,
ebijenge,Water-logged ground,,general,,
ebitakuri,Sweet potatoes,,general,,
ebihya,New things,,general,,
ebisingo,Garden rubbish,,general,,
ebisigarira,Left-overs,,general,,
ebisekule,Food without salt,,general,,
ebisa,Labour pains,,general,,
ebirwaniso,Weapons,,general,,
ebirungo,Spices,,general,,
ebirego,Rumours,,general,,
ebinyangabo,Edible mushrooms,,general,,
ebinyansi,"Weeds, tall grass",,general,,
ebingonzi,Water waves,,general,,
ebikya,Neck,,general,,
ebikuti,Millet husks,,general,,
ebikyenkya,Pozzolan,,general,,
ebindi,Others: the rest,,general,,
ebinyoobwa,Groundnuts,,general,,
ebinzaali,Curry powder,,general,,
ebireju,Beards,,general,,
ebirika,Snow,,general,,
ebirungi,Good things,,general,,
ebisosonkoro,Empty match boxes,,general,,
ebisurugutururu,Ear wax,,general,,
ekiigaana,Shallow pool,,general,,
ebiigaana,Shallow pools,,general,,
ekihwijo,"Fern, air freshener",,general,,
ebihwijo,"Fern, air fresheners",,general,,
ekihurro,Creeper,,general,,
ebihurro,Creepers,,general,,
ekihukuzi,A mole,,general,,
ebihukuzi,Moles,,general,,
ekihongole,Shade for calves,,general,,
ebihongole,Shade for calveses,,general,,
ekihoiga,Bit of grass,,general,,
ebihoiga,Bit of grasses,,general,,
ekiho,"Haze, mist, fog",,general,,
ebiho,"Haze, mist, fogs",,general,,
ebihiba,Fresh beans,,agriculture,,
ebihimba,Fresh beanses,,agriculture,,
ebihangwa,"Creature, created things",,general,,
ekihanga,Valley,,general,,
ebihanga,Valleys,,general,,
ekihaha,A lung,,general,,
ebihaha,Lungs,,general,,
ekigwo,A fall,,general,,
ebigwo,Falls,,general,,
ekigonzi,A wave,,general,,
ekigurukano,Occasionally; not often,,general,,
ebigurukano,Occasionally; not oftens,,general,,
ebihuurika,Absent minded persons,,general,,
ekigwara,Occasionally; not often,,general,,
ebigwara,Occasionally; not oftens,,general,,
ekigogo,Banana fibre,,general,,
ebigogo,Banana fibres,,general,,
ebigono,Act of snorings,,general,,
ekigundu,The big one,,general,,
ebigundu,Big ones,,general,,
ekigwererezi,"Accident, unexpected problem",,general,,
ebigwererezi,"Accident, unexpected problems",,general,,
ekihangara,Palate,,general,,
esahani,Palates,,general,,
ekihaso,Pneumonia,,general,,
ebihaso,Pneumonias,,general,,
ekihihi,"Cold, dull weather",,general,,
ebihihi,"Cold, dull weathers",,general,,
ekihoihorya,Butterfly,,general,,
ebihoihorya,Butterflies,,general,,
ekijuju,Tsetsefly,,general,,
ebijuju,Tsetseflies,,general,,
ekihooya,"Wound, sore",,general,,
ebihooya,"Wound, sores",,general,,
ekihuguhugu,A bat,,general,,
ebihuguhugu,Bats,,general,,
ekihururwa,Climbing plant,,agriculture,,
ebihururwa,Climbing plants,,agriculture,,
ekihuumuro,"Holiday,rest",,general,,
ebihuumuro,"Holiday,rests",,general,,
ekinyamakeka,Civet-ca,,general,,
ebinyamakeka,Civet-cas,,general,,
ekinyabwoya,A woolly caterpillar,,general,,
ebinyabwoya,Woolly caterpillars,,general,,
ekinunko,Bad smell,,general,,
ebinunko,Bad smells,,general,,
ekintana,The queen termite,,general,,
ebintana,Queen termites,,general,,
ekiniga,Anger,,general,,
ebiniga,Angers,,general,,
ebingoleka,"Idiot, an imbeciles",,general,,
ekinaga,Cooking pot,,general,,
ebinaga,Cooking pots,,general,,
ekimiro,A deep voice,,general,,
ebimiro,Deep voices,,general,,
ekimera,A growing plant,,agriculture,,
ebimera,Growing plants,,agriculture,,
ekimara,Arrow,,general,,
ebimara,Arrows,,general,,
ekikwato,Household,,general,,
ebikwato,Households,,general,,
ekikwasi,Safety pin,,general,,
ebikwasi,Safety pins,,general,,
ekikururuzo,"**track, trail**",,general,,
ebikururuzo,"**track, trail**s",,general,,
ekikungulima,A projecting thing,,general,,
ebikungulima,Projecting things,,general,,
ekikule,Hunting-horn,,general,,
ebikule,Hunting-horns,,general,,
ekikugizo,Title of honour,,general,,
ebikugizo,Title of honours,,general,,
ekikonkonamiti,Woodpecker,,general,,
ebikonkonamiti,Woodpeckers,,general,,
ekikonkomago,Wood pecker,,general,,
ebikonkomago,Wood peckers,,general,,
ekikonkomi,Large lizard,,general,,
ebikonkomi,Large lizards,,general,,
ekikoonora,Bull dozer,,general,,
ebikoonora,Bull dozers,,general,,
ekikorwa,"Deed, act",,general,,
ebikorwa,"Deed, acts",,general,,
ekikura,A large trench,,general,,
ebikura,Large trenches,,general,,
ekilaaya,Irish potato,,general,,
ebilaaya,Irish potatos,,general,,
ekinaabiro,Bathroom,,general,,
ebinaabiro,Bathrooms,,general,,
ekingoora,Crow,,general,,
ebingoora,Crows,,general,,
ekinosi,Protuberance above navel,,general,,
ebinosi,Protuberance above navels,,general,,
ekintu,A thing,,general,,
ebintu,Things,,general,,
ebibbaati,Old iron sheets,,general,,
ekibbiriiti,A match box,,general,,
ebibbiriiti,Match boxes,,general,,
ekibero,"Thigh, lap",,general,,
ebibero,"Thigh, laps",,general,,
ekibiriza,Boiled meat,,general,,
ebibiriza,Boiled meats,,general,,
ekibunu/ekitiri,Buttocks,,general,,
ebibunu/ebitiri,Buttockses,,general,,
ebibwegurra,Hairy stinging caterpillars,,general,,
omukonko,Sw.cereal: maize cob,,agriculture,,
emikonko,Sw.cereal: maize cobs,,agriculture,,
ekicu,Cloud,,general,,
ebicu,Clouds,,general,,
ekibiriiti,Match box,,general,,
ebibiriiti,Match boxes,,general,,
ekibira,Forest,,general,,
ebibira,Forests,,general,,
ekibonwomwe,A shooting star,,general,,
ebibonwomwe,Shooting stars,,general,,
ebibunda,Dull rainy days,,general,,
ekicooli,Maize,,agriculture,,
ebicooli,Maizes,,agriculture,,
ekinyangondookyera/ekitindinda,A snail,,general,,
ebinyangondookyeraebitindinda,Snails,,general,,
endobeso,Fish-trap,,general,,
endobeso,Fish-traps,,general,,
ebinyomo,Large brown ants,,general,,
ekinyonyi,Bird,,general,,
ebinyonyi,Birds,,general,,
ekinywa,"Vein, artery",,general,,
ebinywa,"Vein, arteries",,general,,
ekintu,Things,,general,,
ebintu,Thingses,,general,,
ekipampagara,Mud guard,,general,,
ebipampagara,Mud guards,,general,,
ekiranga,A broken pot,,general,,
ebiranga,Broken pots,,general,,
ekipanga,"Panga, matchet",,general,,
ebipanga,"Panga, matchets",,general,,
ekiragaano,"Covenant, agreement",,general,,
ebiragaano,"Covenant, agreements",,general,,
ekirahuli,"Glass, tumbler",,general,,
ebirahuli,"Glass, tumblers",,general,,
ekirali,Wild,,general,,
ebirali,Wilds,,general,,
ekiramukyo,"Small present, remembrance",,general,,
ebiramukyo,"Small present, remembrances",,general,,
ekinyamunsungusungu,Crested eagle,,general,,
ebinyamunsungusungu,Crested eagles,,general,,
ekinyoobwa,Groundnut,,general,,
ekinyumyo,Festivity or feast,,general,,
ebinyumyo,Festivity or feasts,,general,,
ekinywabwino,Blotting paper,,general,,
ebinywabwino,Blotting papers,,general,,
ekipaali,Papyrus mat,,general,,
ebipaali,Papyrus mats,,general,,
ekirandakwata,A useless person,,general,,
ebirandakwata,Useless persons,,general,,
ekipiira,Jerrycan,,general,,
ebipiira,Jerrycans,,general,,
ekirabyo,"Flower, blossom",,general,,
ebirabyo,"Flower, blossoms",,general,,
ekirahiro,"Oath, vow",,general,,
ebirahiro,"Oath, vows",,general,,
ebirale,Trail of mens,,general,,
ekirangirro,"Proclamation,anouncement",,general,,
ebirangirro,"Proclamation,anouncements",,general,,
ekireere,Dry banana fibres,,general,,
ebireere,Dry banana fibreses,,general,,
embabazi,"Sympathy,grace, kindness",,general,,
embambagya,"Smart, clever person",,general,,
embaraasi,Horse,,general,,
embasuko,Spring of trap,,general,,
embogo,Buffalo,,general,,
embumbe/ekyekulingirire,Round shaped,,general,,
emboijana,A friendless person,,general,,
embomboza,"Lonely person, vagrant",,general,,
embanza,Beginning,,general,,
embatamo,Extended flat bums,,general,,
embone,Eyelids,,general,,
embaya,Dry papyrus stalks,,general,,
emberenge,Dried maize grains,,agriculture,,
emboyi,"Bully, tyrant",,general,,
emburara,JaraguÃ¡ (Hyparrhenia rufa),,general,,
embwa embyara,A dog planting,,agriculture,,
emeeza,Table,,general,,
emera,"Shape, appearance",,general,,
emigaatwa,Malnourished domestic animals,,general,,
emburabura,"Foreigner, homeless person",,general,,
emenge,Blaze,,general,,
emibbwebbwe,Half-cooked potatoes,,general,,
emigaramo,"Idleness, leisure",,general,,
emitego,Bowed legs,,general,,
embugo,Bark cloth,,general,,
embunda,A dull day,,general,,
embyamyamu,A reclining chair,,general,,
emengo,Grinning stones,,general,,
emirabanamu,Bothersome problems,,general,,
emilyoni ikumi,Ten million,,general,,
empande,Bambara nuts,,general,,
emilyoni,One billion,,general,,
eminwa,Lips,,general,,
eminyeeto,The youth,,general,,
emirembe emitalibaine,Peace,,general,,
emitalibaine,"Problems, worries, difficultie",,general,,
emitegano,"Business, hard work",,general,,
empuka,East wind,,general,,
encumate,Thick eye secretions,,general,,
empuunisa,Nasal sounds,,general,,
empwerwa,Utterly destitute person,,general,,
ebyahandiikirwe,Scriptures: religious writings,,general,,
ebisigi,Eyebrows,,general,,
ebitaara,Car head lamps,,general,,
ebiteere,Dried cassava,,general,,
ebyenda,"Intestines, offals",,general,,
ebyohyo,Roastings,,general,,
ebyoya,Hair,,general,,
eduuka,"Shop, business premise",,general,,
efirimbi,Whistle,,general,,
ebitarira,Scattered animal spots,,general,,
eboote,The aged,,general,,
ebyakwahwa,Armpit hair,,general,,
ebyamaka,Family matters,,general,,
ebyari,Rags,,general,,
ebya Sitaani,Evil acts,,general,,
ecupa,Bottle,,general,,
edubu,Sear,,general,,
egaaju,A brown cow,,general,,
egomborra,Sub-county,,general,,
egyambiya,Machette,,general,,
ejoora,Roll ofcloth,,general,,
ekambi,Hard working,,general,,
ekarwa,Type of grass,,general,,
ekelezia,Church,,general,,
ekibako,Tomb,,general,,
ebibako,Tombs,,general,,
ebibaara,Ekibaaras,,general,,
ekibanda,Carpenter's shade,,general,,
ebibanda,Carpenter's shades,,general,,
egaali,Bicycle,,general,,
egaragara,Lizard,,general,,
egi,Which,,general,,
ego mail,Truly,,general,,
ehiira,Porriedge: sour porridge,,general,,
ekaanyuma,Behind the house,,general,,
ekaraamu,"Pencil, writing instrument",,general,,
ekanisa,Church,,general,,
ekirimi,Flames of fire,,general,,
ebirimi,Flames of fires,,general,,
ekirego,A secret accusation,,general,,
ebirego,Secret accusations,,general,,
ekiremba,A head- cloth,,general,,
ebiremba,Head- cloths,,general,,
ekiriisa,Fertility/ nutrition,,general,,
ebiriisa,Fertility/ nutritions,,general,,
ekirubi,A furnace,,general,,
ebirubi,Furnaces,,general,,
ekirongooro,Return present,,general,,
ebirongooro,Return presents,,general,,
ekirungo,"Seasoning, spice",,general,,
ebirungo,"Seasoning, spices",,general,,
ekireego,Taut string,,general,,
ebireego,Taut strings,,general,,
ekirenge,"Hoof, foot",,general,,
ebirenge,"Hoof, foots",,general,,
ekirere,Gourd of milk,,general,,
ebirere,Gourd of milks,,general,,
ebirumiko,Vessel cupping- hois,,general,,
ekiromba,I protruding navel,,general,,
ebiromba,I protruding navels,,general,,
ekirooto,A dream,,general,,
ebirooto,Dreams,,general,,
ekirukirro,Nickname,,general,,
ebirukirro,Nicknames,,general,,
ebirurumo,Low-pitched mumbling sounds,,general,,
ebisaaru,Reedlike swamp grasses,,general,,
ekisagiko,Ornament: hair beads,,general,,
ebisagiko,Ornament: hair beadses,,general,,
ekisa,Labour pain,,general,,
ekizaaiiiro/ ekisaaru,"Swamp, stream, river",,general,,
ebizaaiiiro/ ekisaaru,"Swamp, stream, rivers",,general,,
ekisabiko,Herbal purgative,,general,,
ebisabiko,Herbal purgatives,,general,,
ekisanju,Whip,,general,,
ebisanju,Whips,,general,,
ekisasaazi,Spark (of fire),,general,,
ebisasaazi,Spark (of fire)s,,general,,
ekisegu,Sexual urge,,general,,
ebisegu,Sexual urges,,general,,
ekisengiijo,Filter,,general,,
ebisengiijo,Filters,,general,,
ekisense,"Ragged edge, rag",,general,,
ebisense,"Ragged edge, rags",,general,,
ekisanku,Dry cow dung,,general,,
ebisanku,Dry cow dungs,,general,,
ekisutama-hamwe,A traditional stool,,general,,
ebisutama-hamwe,Traditional stools,,general,,
ekisaatu,"Skin, hide",,general,,
ebisaatu,"Skin, hides",,general,,
ekisago,"A pillow,cushion",,general,,
ebisago,"Pillow,cushions",,general,,
ekisarazi,"Numbness, cramp",,general,,
ebisarazi,"Numbness, cramps",,general,,
ekisebe,"Beetle larva, grub",,general,,
ebisebe,"Beetle larva, grubs",,general,,
ekisengeijo,Strainer,,general,,
ebisengeijo,Strainers,,general,,
ekisonga,Chest pain,,general,,
ebisonga,Chest pains,,general,,
ekisoma,Fresh bean leaves,,agriculture,,
ebisoma,Fresh bean leaveses,,agriculture,,
ekisurugu,Groundnut husk,,general,,
ebisurugu,Groundnut husks,,general,,
ekisizi,A plant disease,,agriculture,,
ebisizi,Plant diseases,,agriculture,,
ekisyarazi,Stagnant water,,general,,
ebisyarazi,Stagnant waters,,general,,
ekitaba,Ditch,,general,,
ebitaba,Ditches,,general,,
ekitabaswa,A suit case,,general,,
ebitabaswa,Suit cases,,general,,
ekitaka,A clod,,general,,
ebitaka,Clods,,general,,
ekisiika,"Partition,wall, room",,general,,
ebisiika,"Partition,wall, rooms",,general,,
ekisindikwa,"Turf, sod",,general,,
ebisindikwa,"Turf, sods",,general,,
ekisinziro,Heel,,general,,
ebisinziro,Heels,,general,,
ekisirya,"Calabash, gourd",,general,,
ebisirya,"Calabash, gourds",,general,,
ekisomabwire,A nightjar bird,,general,,
ebisomabwire,Nightjar birds,,general,,
ebisombera,Very large baskets,,general,,
ekisonko,Sea shell,,general,,
ebisonko,Sea shells,,general,,
ebisoonante,Kind of grasses,,general,,
ekisunsuzo,A comb,,general,,
ebisunsuzo,Combs,,general,,
ekisweko,Blister,,general,,
ebisweko,Blisters,,general,,
ekitanakya,"Emetic, makesone vomit",,general,,
ebitanakya,"Emetic, makesone vomits",,general,,
ekisire,Obstinate person,,general,,
ebisire,Obstinate persons,,general,,
ebisooko,Locally made cigarettes,,general,,
ebitabaraara,Guest of honours,,general,,
ekisiibo,Fasting period,,general,,
ebisiibo,Fasting periods,,general,,
ekisingolezo,A broom,,general,,
ebisingolezo,Brooms,,general,,
ebisumuruzo,"Key, an openers",,general,,
ekisuzi,"Wildcat, bed bug",,general,,
ebisuzi,"Wildcat, bed bugs",,general,,
ekitaatnutoole,Nonsense,,general,,
ebitaatnutoole,Nonsenses,,general,,
ekitabujuguta,Civet-cat,,general,,
ebitabujuguta,Civet-cats,,general,,
ekitakuli,Potato,,general,,
ebitakuli,Potatos,,general,,
ekitanake,Heap of vomit,,general,,
ebitanake,Heap of vomits,,general,,
ekitangaazo,A microscope,,general,,
ebitangaazo,Microscopes,,general,,
endyakiro,Mouse,,general,,
endyanga,"Skinbag, leather bag",,general,,
enfuuzi,Orphan,,general,,
engaba,"Distribution, giving",,general,,
engambisa,Vowels,,general,,
engano,"Wheat flour,wheat",,agriculture,,
enganja,White geranium,,general,,
engurumbanyi,Untrust-worthy person,,general,,
endyaga,Plenty of food,,general,,
eenimi,Bull: male cattle,,general,,
enfaana,Tapeworm,,general,,
enfumbi,Swollen glands,,general,,
engabi,Bushbuck,,general,,
engagya,Large spotted hyena,,general,,
engamba,"Shell spoon,sea shell",,general,,
enganga,Loan meat,,general,,
enganjani,Friend,,general,,
enganyi,"Sorrow, sadness",,general,,
engasa,Small delicious fish,,general,,
engazi,Palm oil,,general,,
engendo,"Travels, journeys",,general,,
engenzigenzi,Type of beetle,,general,,
engingo,"Shape, figure, joint",,general,,
engoga,Open wound,,general,,
engombe,Hoot,,general,,
engonzi,"Love, affection",,general,,
engoro,Reed,,general,,
engoto,Nape of neck,,general,,
enguha,"Tick, mite",,general,,
engumangane,"Hard-hearted, obstinate",,general,,
engunu,Gum (of teeth),,general,,
engururrumi,Stunted child,,general,,
enguudo,"High road, street",,general,,
enguzi,Bribe,,general,,
enio,"Buttocks, bottom",,general,,
enjaza,Reedbuck,,general,,
enjeru,"White sheep, cow",,general,,
engarukamu,Way of answering,,general,,
engaase,Sundried meat,,general,,
engenzi,Traveller,,general,,
engiga,"Notch, joint, point",,general,,
engo,Leopard,,general,,
engoma,"Drum, throne",,general,,
engonge,Otter,,general,,
engoonyo,"Camping-place, tennporary shelter",,general,,
engorombe,"Stunted child, cow",,general,,
engoye,Clothes,,general,,
engungumale,Obstinate,,general,,
engundizi,Weakling; long-lived person,,general,,
engwara,Horn trumpet,,general,,
enimi,Bull,,general,,
enjabule,Cropped ears,,agriculture,,
enjagirizi,Flatterer,,general,,
enjatu,Destructive gale,,general,,
enjoga,Water container,,general,,
enjoka,Snake; internal pains,,general,,
enjoki,Bees,,general,,
enjuba,Blood pudding,,general,,
enjunza,Jigger,,general,,
enkambi,Restcamp,,general,,
enkali,Urine,,general,,
enkango,"End goal, stopping-place",,general,,
enkenko,Vinegar,,general,,
enkerebe,"Dog-faced ape, baboon",,general,,
enkana,A neck swelling,,general,,
enjuza,Twisted papyrus ropes,,general,,
enkaanaana enkaina,Flowers donkey,,general,,
enkaka,"Heart-burn, anthrax",,general,,
enkamba-be,"Diligent, work hard",,general,,
enkangaasi,Hoof,,general,,
enkanjaiga,Times,,general,,
enkaranga,Huge elephant,,general,,
enkeeho,Waning moon,,general,,
enkere,Water frog,,general,,
enkerembe,"Infant, baby",,general,,
entabukatabuka,"Muddle, confusion, commotion",,general,,
entaka,"Clod, sod",,general,,
entaratazi,"Wanderer, roamer",,general,,
enteerabwire,Cock,,general,,
entemamuhoro,Mantis,,general,,
enterebuki,"Shirker, dodger",,general,,
entimbo,Small royal drum,,general,,
entongana,Defence; apology; pleading,,general,,
entajumba,Guinea fowl,,general,,
entama,Mouthful,,general,,
entale,A lion,,general,,
entandikiro,"Beginning, start, origin",,general,,
entangatangano,"Cross-roads, junction",,general,,
entarutahu,Walk very quickly,,general,,
entebe,Chair,,general,,
entema,Small calabash cup,,general,,
entenyi,Trial by ordeal,,general,,
entimagizi,Malachite king-fisher,,general,,
entimbure,Mixed food,,general,,
entongole,Kind of harp,,general,,
entumba,A loud fart,,general,,
entulirra,Self-sown potatoes,,general,,
entundwa,Very lightcoloured millet,,general,,
entungo,Sim-sim seeds,,agriculture,,
entuuru,A wild cat,,general,,
enturabusa,Swollen gland,,general,,
enturro,"Sourness, acidity",,general,,
entuuha,Crested crane,,general,,
enuuni,Duodenum,,general,,
enyaani,Coffee-berries,,general,,
enyabatimbo,Silkworm,,general,,
enyahukana,Difference,,general,,
enyakabara,Native-born,,general,,
enyama,"Meat, flesh, muscle",,general,,
entumbwe,Calf,,general,,
entuumuuki,Blankshot,,general,,
entuuru,A fall,,general,,
enusu,Coin: metallic currency,,general,,
enyamaiswa,An animal,,general,,
enturuba,"Gurgle, bubble, slobber",,general,,
entuutu,Cape goose berries,,general,,
entwe,Ears of millet,,general,,
enwa,"Hornet,wasps",,general,,
enyabisaaniko,Evening star,,general,,
enyakibisi,Fresh beans,,agriculture,,
enyamagaro n,"Pincers, pliers",,general,,
Eba,To be forgotten,,general,,
Ebabura,Of his/her relative,,general,,
Ebiihabiiha,To deceive oneself,,general,,
Ebundaaza,To humble oneself,,general,,
Ebaarra,To be cautious,,general,,
Ebabara,To beware,,general,,
Ebaganizaamu,To withdraw oneself,,general,,
Ebairuka,To be startled,,general,,
Ebiihiirra,To boast groundlessly,,general,,
Ebiijagura,To belch,,general,,
Ebwa,To forget,,general,,
Ecumiitiriza,To think deeply,,general,,
"ecundacu nda,",To rock oneself,,general,,
Ecuraniza,To sit properly,,general,,
Edikya,To fall heavily,,general,,
Efuba,To hide,,general,,
Ega,To learn,,education,,
Egama,To starve,,general,,
Egambiirra,To exhort oneself,,general,,
Eganyira,To pity oneself,,general,,
Egejageja,To malinger,,general,,
Egemba,To shave oneself,,general,,
Egesa,"To teach, educate",,general,,
Egiza,To pretend,,general,,
Egonyoorra,To stretch oneself,,general,,
Ebengeka,To lean sideways,,general,,
Ehenyenga,Forge,,general,,
Ehingahingisa,To be changeable,,general,,
Ehoima,To be quarrelsome,,general,,
Eganyiirra,Become lazy,,general,,
Egarukamu,"To repent, reconcile",,general,,
Egegecrra,To handle carefully,,general,,
Egenya,To frown,,general,,
Egogeza,To be self,,general,,
Egonesa,To feign sleep,,general,,
Egoora,To enjoy oneself,,general,,
Ebaabira,To boast,,general,,
Ehemura,To debase oneself,,general,,
Ehenya,To search diligently,,general,,
"eh.tita,",To work tirelessly,,general,,
Ehiringisa,To roll,,general,,
Ehonga,To dedicate oneself,,general,,
Ehoza,To lend,,general,,
Ehuuga,To rinse,,general,,
Ejuura,To undress oneself,,general,,
Ekeerreema,To reflect_ ponder,,general,,
Ekima,To bide,,general,,
Ekonga,Shrug the shoulders,,general,,
Ebotoora,To rub oneself,,general,,
Ehotora,To wind,,general,,
Ehugya,"To ignore, pretend",,general,,
Ebyahyaniza,To fidget,,general,,
ejw eka,Oneself,,general,,
Ekaakura,To scratch oneself,,general,,
Ekooka,To retch,,general,,
Ekoonyera,To help oneself,,general,,
Ekubakuba,To become tangled,,general,,
Ekugusa,To slip past,,general,,
Ekumbya,To roll oneself,,general,,
Ekuusa,To rub oneself,,general,,
Ekwasa,To make excuses,,general,,
Emanyisa,To make oneself,,general,,
Emwa,To shave oneself,,general,,
Ena,All of me,,general,,
Eoyini,"Self, selves",,general,,
Epaoka,To be proud,,general,,
Ekubiriza,Earnestly entreat,,general,,
Ekukumika,"To hide, escape",,general,,
Ekulingura,"To roll, wallow",,general,,
Ekuma,To sit nicely,,general,,
Embi,Both,,general,,
Emererwa,To have pain,,general,,
Eoka,"Self, selves",,general,,
Eoyuma,Behind,,general,,
Eragaza,To wipe oneself,,general,,
Empooka,Survivor,,general,,
Empugutani,"Forgetful, scatterbrained person",,general,,
Empulirro,Ear passage,,general,,
Empunu,"Pig, wild bear",,general,,
Empya,Way of burning,,general,,
Emyehurro,"Conceit, boastfulness",,general,,
Empuku,Weevil,,general,,
Empungira,Sleeping-sickness,,general,,
Empurizana,Communication,,general,,
Emputa,Wounded person,,general,,
Empyo,Crocodile,,general,,
Emyehaahiro,"Boasting, selfishness",,general,,
Emyehembo,"Conceit, boastfulness",,general,,
Emyekuzo,"Conceit, boastful",,general,,
emyenda ya'bunyoro,"Praise, self-exaltation, boasting",,general,,
Enaanaasi,Pineapple,,general,,
Encamparya,Withered breasts,,general,,
Encikinya,Flies,,general,,
Endaade,"Large, long-legged cock",,general,,
Endaawa,A castrated bull,,general,,
Endagaano,"Agreement, covenant, bargain",,general,,
Endahiro,"Oath, vow, protestation",,general,,
Endale,Wild yam,,general,,
Endangaazi,Hartebeest,,general,,
Endeberwamu,"Looking-glass, mirror",,general,,
Endebolebo,"Border, edge",,general,,
Endambi,Tapeworm,,general,,
Enceke,"Weakly person, invalid",,general,,
Encu,Fish,,general,,
Encuro,A measure; time,,general,,
Endabukya,"Sharp, clever person",,general,,
endamya,"Worship, ritual",,general,,
Endebe,Small bell-like ornament,,general,,
Endehwa,Fine,,general,,
Endiirakumara,A wild dog,,general,,
Endimi,"Languages, tongues",,general,,
Endimiro,"Cultivated plot, field",,general,,
Endobo,Fish-hook,,general,,
faabbiina,To work hard,,general,,
feekya,To snuffle,,general,,
fiisa,Die,,general,,
footora,To squash,,general,,
fubeereza,"Dismay, confound",,general,,
fubira,"To punish, frustrate",,general,,
fukaana,To wrestle,,general,,
fuma,"To prod,thrust",,general,,
fumbasa,To clasp,,general,,
fumbata,"To embrance,",,general,,
fumura,"To piece,bore,lance",,general,,
/.omaiso,Have protruding eyes,,general,,
fundura,Uncover,,general,,
amaiso,"Glare, stare",,general,,
funguka,To be djluted.,,general,,
-Funguka obyokunywa ebyo,-dilute those drinks.,,general,,
funyiirra,To turn up,,general,,
furuka,"To desert, migrate",,general,,
fuuha,"To blow, snort",,general,,
jaallima,To talk nonsense,,general,,
jagiriza,To flatter,,general,,
jaguza,"To rejoice, celebrate.",,general,,
jakura,To snatch from,,general,,
jaliga,To squelch (swamp),,general,,
jamajama,"To jabber, babble",,general,,
janjagurwa,Talk irrelevantly,,general,,
Jeera,"To roam, ramble",,general,,
jegeja,To rain persistently,,general,,
jegejege,Loosely,,general,,
jegemera,To totter,,general,,
jegya,To loosen.,,general,,
jeijcza,"To attend, accompany.",,general,,
jenja,To spread rumours,,general,,
jenjeka,To tie loosely.,,general,,
jogeza,C,,general,,
jogolikana,=jol ekana,,general,,
jogorwa,To be talkative,,general,,
jooliima,To speak lazily,,general,,
juba,To weed,,general,,
juguma,"To tremble, shiver",,general,,
jugumbya,"To mobiUze, shake",,general,,
jugunya,"To throw away,",,general,,
jumbuutukira,Pr,,general,,
jumuurra,Pr,,general,,
). amagoba,Practise usury,,general,,
junaaoizibwa,To be responsible,,general,,
jundeera,"To smouJder, glow",,general,,
junira,To rescue,,general,,
junjumuka,To be hairy,,general,,
junjuruma,"To roar, hum",,general,,
junjuura,To buzz,,general,,
jura,To decline (sun),,general,,
juumara,To lie prone,,general,,
jwamba,To be dirty,,general,,
jwambura,To do quickly,,general,,
jwangana,-to mix together,,general,,
-aminah ataaguka muno,-aminah laughs loudly.,,general,,
taahtirra,P1:2,,general,,
taahirirwa,"Be sulky, sullen",,general,,
taahirwa,Pass,,general,,
taamuka,To be torn,,general,,
taamura,To tear,,general,,
tabanganiza,To mix together,,general,,
tadooba,Small kerosene lamp,,general,,
tagata,To become warm,,general,,
taliga,To be busy,,general,,
tamya,To induce disgust,,general,,
tananuka,Inconvincible,,general,,
amaguru,Stand astride,,general,,
tarantuka,To stagger,,general,,
taruka,To trip up,,general,,
tata,To spy on,,general,,
teba,CaJI without reason,,general,,
teega,To gird,,general,,
teeka,To place upright,,legal,,
teekera,To sharpen {knife),,general,,
teerateerana,Collide,,general,,
teereza,", of teera",,general,,
tega,I,,general,,
teganiza,"To trouble, worry",,general,,
tegeijuka,To grow luxuriantly,,general,,
tegeizira,=/oreg,,general,,
tegeka,"To arrange, prepare",,general,,
teguurra,"Pr.,(p f. -tegurwire)",,general,,
televizoni,Cl.9,,general,,
tembccka,To accuse falsely,,general,,
tengeneka,"To steady, balance",,general,,
tenta,To roll,,general,,
terebuka,"To slip, slide",,general,,
temura,Lr,,general,,
teoda,Weave (engora),,general,,
tendeka,"To initiate, educate",,general,,
teoeekaniza,C,,general,,
teneka,{pf. -tcnekere),,general,,
tengeesa,"To shake, tilt",,general,,
terura,Rr,,general,,
tigita,To tickle,,general,,
tiima,"Chop small, mince",,general,,
tiitilra,"To cheep, twitter",,general,,
tiiza,{pf. -tiirize),,general,,
timbun,To beat entimbo,,general,,
tindikuurra,Rr,,general,,
toga,To claw,,legal,,
togolekwa,To speak incoberently,,general,,
togonyora,"To crush, squash",,general,,
toija,Till,,general,,
toka,"To shout, benoisy",,general,,
tokoora,& v.tr,,general,,
toma,To begin,,general,,
tona,To be spotted,,general,,
tondogoorra,T1:,,general,,
tontera,"Dive down, descend",,general,,
tontorrooma,"To gmmble, murmur",,general,,
toonya,"To drizzle, drip",,general,,
toora,To be sharp,,general,,
toora,To dress grandly,,general,,
totatota,To tuga,,general,,
tuguojuka,To be squashed,,general,,
tuguojura,H:,,general,,
tukiriza,"To pester, importune",,general,,
tukuma,"To tremble, shiver",,general,,
tukura,To be red,,general,,
tulingika,T1:,,general,,
tumbisa,Cause to rise,,general,,
tunda,To sell,,general,,
tuoga,Rr,,general,,
tungira,{pf. -tungiire),,general,,
tunguka,To grow tall,,general,,
tungununa,To taste sour,,general,,
tunguuta,"To shake, wobble",,general,,
turo,Cl. 9,,general,,
tutubika,Togurgle,,general,,
tuumuuka,Ascend (smoke),,general,,
tuura,"To dwell, sigh",,general,,
tuurra,To infect,,general,,
tuuya,To sweat,,general,,
tyangya,-To brandish,,general,,
tyaza,To sahrpen,,general,,
tyetyemura,"To cut, tear",,general,,
omuti guli,That tree,,general,,
vikiza,To bold firmly,,general,,
wabimbiri,Viper,,general,,
wakonga,"Pangolin, scaly ant-eater",,general,,
